formula,processing method,calculated density,bcc/fcc/other,microstructure,hv,ys
Al0.25 Co1 Fe1 Ni1,CAST,7.9,FCC,FCC,138.0,158.0
Al0.5 Co1 Fe1 Ni1,CAST,7.4,other,FCC+BCC,212.0,346.0
Al0.75 Co1 Fe1 Ni1,CAST,7.0,other,FCC+BCC,385.0,794.0
Al1 Co1 Fe1 Ni1,CAST,6.6,BCC,BCC,456.0,964.0
Co1 Fe1 Ni1,CAST,8.5,FCC,FCC,125.0,204.0
Co1 Fe1 Ni1,CAST,8.5,FCC,FCC,125.0,209.0
Co1 Fe1 Ni1 Si0.25,CAST,7.7,FCC,FCC,149.0,196.0
Co1 Fe1 Ni1 Si0.5,CAST,7.1,other,FCC+Sec.,287.0,476.0
Co1 Fe1 Ni1 Si0.75,CAST,6.6,other,FCC+Sec.,570.0,1301.0
Co1 Cr1 Fe1 Ni1,WROUGHT,8.2,FCC,FCC,,274.0
Co1 Cr1 Mn1 Ni1,WROUGHT,8.1,FCC,FCC,,282.0
Co1 Cr1 Ni1,WROUGHT,8.3,FCC,FCC,,300.0
Co1 Fe1 Mn1 Ni1,WROUGHT,8.2,FCC,FCC,,170.0
Co1 Fe1 Ni1,WROUGHT,8.5,FCC,FCC,,211.0
Co1 Mn1 Ni1,WROUGHT,8.4,FCC,FCC,,231.0
Fe1 Mn1 Ni1,WROUGHT,8.1,FCC,FCC,,221.0
Co1 Cr1 Fe1 Nb0.103 Ni1,CAST,8.2,other,FCC+Sec.,,318.0
Co1 Cr1 Fe1 Nb0.155 Ni1,CAST,8.2,other,FCC+Sec.,,322.0
Co1 Cr1 Fe1 Nb0.206 Ni1,CAST,8.2,other,FCC+Sec.,,403.0
Co1 Cr1 Fe1 Nb0.309 Ni1,CAST,8.2,other,FCC+Sec.,,479.0
Co1 Cr1 Fe1 Nb0.412 Ni1,CAST,8.2,other,FCC+Sec.,,638.0
Co1 Cr1 Fe1 Ni1,CAST,8.2,FCC,FCC,,148.0
Al0.25 Co1 Cr1 Fe1 Ni1,ANNEAL,7.7,FCC,FCC,110.0,
Al0.25 Co1 Cr1 Fe1 Ni1,ANNEAL,7.7,FCC,FCC,113.0,
Al0.375 Co1 Cr1 Fe1 Ni1,ANNEAL,7.5,FCC,FCC,131.0,
Al0.375 Co1 Cr1 Fe1 Ni1,ANNEAL,7.5,FCC,FCC,196.0,
Al0.5 Co1 Cr1 Fe1 Ni1,ANNEAL,7.3,other,FCC+BCC,159.0,
Al0.5 Co1 Cr1 Fe1 Ni1,ANNEAL,7.3,other,FCC+BCC,209.0,
Al0.75 Co1 Cr1 Fe1 Ni1,ANNEAL,7.0,other,FCC+BCC,388.0,
Al0.75 Co1 Cr1 Fe1 Ni1,ANNEAL,7.0,other,FCC+BCC,280.0,
Al0.875 Co1 Cr1 Fe1 Ni1,ANNEAL,6.9,BCC,BCC,538.0,
Al0.875 Co1 Cr1 Fe1 Ni1,ANNEAL,6.9,other,FCC+BCC,361.0,
Al1 Co0.8 Cr0.8 Fe0.8 Ni0.8,ANNEAL,6.5,BCC,BCC,487.0,
Al1 Co0.8 Cr0.8 Fe0.8 Ni0.8,ANNEAL,6.5,BCC,BCC,499.0,
Al1 Co0.667 Cr0.667 Fe0.667 Ni0.667,ANNEAL,6.2,BCC,BCC,484.0,
Al1 Co0.667 Cr0.667 Fe0.667 Ni0.667,ANNEAL,6.2,BCC,BCC,517.0,
Al1 Co0.5 Cr0.5 Fe0.5 Ni0.5,ANNEAL,5.9,BCC,BCC,509.0,
Al1 Co0.5 Cr0.5 Fe0.5 Ni0.5,ANNEAL,5.9,BCC,BCC,512.0,
Al1 Co1 Cr1 Fe1 Ni1,ANNEAL,6.7,BCC,BCC,484.0,
Al1 Co1 Cr1 Fe1 Ni1,ANNEAL,6.7,other,FCC+BCC,433.0,
Co1 Cr1 Fe1 Ni1,ANNEAL,8.2,FCC,FCC,116.0,
Co1 Cr1 Fe1 Ni1,ANNEAL,8.2,FCC,FCC,113.0,
Al0.5 Co1 Cr1 Fe1 Mo0.5 Ni1,CAST,7.7,other,FCC+Sec.,425.0,
Al1 Co0.667 Cr0.667 Fe0.667 Mo0.333 Ni0.667,CAST,6.6,other,B2+Sec.,655.0,
Al1 Co0.5 Cr0.5 Fe0.5 Mo0.25 Ni0.5,CAST,6.3,other,BCC+B2,605.0,
Al1 Co1 Cr1 Fe1 Mo0.5 Ni1,CAST,7.1,other,B2+Sec.,715.0,
Co1 Cr1 Fe1 Mo0.5 Ni1,CAST,8.5,other,FCC+Sec.,210.0,
Al0.5 Co1 Cr1 Fe1 Ni1 Ti1,CAST,6.6,other,BCC+Laves,,
Al1 Co0.667 Cr0.667 Fe0.667 Ni0.667 Ti0.667,CAST,5.9,other,BCC+BCC,,
Al1 Co0.5 Cr0.5 Fe0.5 Ni0.5 Ti0.5,CAST,5.6,other,BCC+BCC,643.0,
Al1 Co1 Cr1 Fe1 Ni1 Ti1,CAST,6.2,other,BCC+Laves,,
Co1 Cr1 Fe1 Ni1 Ti1,CAST,7.2,FCC,FCC,,
Al0.133 Co1 Cr0.667 Fe0.667 Ni1 Ti0.667,ANNEAL,7.2,other,FCC+Sec.,717.0,
Al0.133 Co1 Cr0.667 Fe0.667 Ni1 Ti0.333,ANNEAL,7.6,FCC,FCC,487.0,
Co1 Cr0.667 Fe0.667 Ni1 Ti0.667,ANNEAL,7.4,other,FCC+Sec.,654.0,
Co1 Cr0.667 Fe0.667 Ni1 Ti0.333,ANNEAL,7.8,other,FCC,509.0,
Al0.7 Co0.3 Cr1 Fe1 Ni1,POWDER,6.8,other,FCC+BCC+B2,624.0,2033.0
Al1 Co0.667 Cr0.667 Fe0.667 Ni0.667,CAST,6.2,BCC,BCC,402.0,
Al1 Co0.4 Cr0.4 Fe0.4 Ni0.4,CAST,5.6,BCC,BCC,487.0,
Al1 Co0.5 Cr0.5 Fe0.5 Ni0.5,CAST,5.9,BCC,BCC,432.0,
Al1 Co0.333 Cr0.333 Fe0.333 Ni0.333,CAST,5.3,BCC,BCC,506.0,
Al1 Co1 Cr1 Fe1 Ni1,CAST,6.7,BCC,BCC,395.0,
Al1 Cr1 Cu1 Fe1 Ni1,CAST,6.8,other,FCC+BCC,342.0,
Co1 Cr1 Cu1 Fe1 Ni1,CAST,8.3,FCC,FCC,286.0,
Cr1 Cu1 Fe1 Mn1 Ni1,CAST,8.1,other,FCC+BCC,296.0,
Cr1 Cu1 Fe1 Mo1 Ni1,CAST,8.7,FCC,FCC,263.0,
Al1 Co1 Cr1 Fe1 Ni1,CAST,6.7,BCC,BCC,,1251.0
Al1 C0.1 Co1 Cr1 Fe1 Ni1,CAST,6.7,other,BCC+Sec.,,957.0
Al1 C0.2 Co1 Cr1 Fe1 Ni1,CAST,6.6,other,BCC+Sec.,,906.0
Al1 C0.3 Co1 Cr1 Fe1 Ni1,CAST,6.5,other,BCC+Sec.,,867.0
Al1 C0.4 Co1 Cr1 Fe1 Ni1,CAST,6.5,other,BCC+Sec.,,1056.0
Al1 C0.5 Co1 Cr1 Fe1 Ni1,CAST,6.4,other,BCC+Sec.,,1060.0
Al0.667 C1 Co0.667 Cr0.667 Fe0.667 Ni0.667,CAST,5.9,other,BCC+Sec.,,1255.0
Al1 C1 Co1 Cr1 Fe1 Ni1,CAST,6.2,other,BCC+Sec.,,1251.0
Al1 Co1 Cr1 Fe1 Ni1,CAST,6.7,BCC,BCC,,1138.0
Al1 Co1 Cr1 Fe1 Mo0.1 Ni1,CAST,6.8,BCC,BCC,,1804.0
Al1 Co1 Cr1 Fe1 Mo0.2 Ni1,CAST,6.9,other,BCC+Sec.,,2456.0
Al1 Co1 Cr1 Fe1 Mo0.3 Ni1,CAST,7.0,other,BCC+Sec.,,2649.0
Al1 Co1 Cr1 Fe1 Mo0.4 Ni1,CAST,7.0,other,BCC+Sec.,,2670.0
Al1 Co1 Cr1 Fe1 Mo0.5 Ni1,CAST,7.1,other,BCC+Sec.,,2757.0
Al1 Co1 Cr1 Fe1 Ni1,CAST,6.7,BCC,BCC,,1051.0
Al1 Co1 Cr1 Fe1 Nb0.1 Ni1,CAST,6.8,BCC,BCC,569.0,1641.0
Al1 Co1 Cr1 Fe1 Nb0.25 Ni1,CAST,6.8,other,BCC+Sec.,668.0,1959.0
Al1 Co1 Cr1 Fe1 Nb0.5 Ni1,CAST,7.0,other,BCC+Sec.,747.0,2473.0
Al1 Co1 Cr1 Fe1 Nb0.75 Ni1,CAST,7.0,other,BCC+Sec.,,
Al1 Co1 Cr1 Fe1 Ni1,CAST,6.7,BCC,BCC,520.0,1373.0
Al0.8 Co1 Cr1 Cu1 Fe1 Ni1,CAST,7.3,other,FCC+BCC,270.0,
Al1 Co0.5 Cr1 Fe1 Mo0.5 Ni1,CAST,7.0,other,BCC+Sec.,801.0,
Al0.667 Co1 Cr0.667 Fe0.667 Mo0.333 Ni0.667,CAST,7.2,other,BCC+Sec.,741.0,
Al0.5 Co1 Cr0.5 Fe0.5 Mo0.25 Ni0.5,CAST,7.3,other,FCC+BCC+Sec.,586.0,
Al1 Co1 Cr1 Fe1 Mo0.5 Ni1,CAST,7.1,other,BCC+Sec.,796.0,
Al1 Co1 Cr1 Fe1 Mo0.5 Ni1,CAST,7.1,other,BCC+Sec.,755.0,
Al1 Co1 Cr1 Fe0.6 Mo0.5 Ni1,CAST,7.1,other,BCC+Sec.,754.0,
Al0.667 Co0.667 Cr0.667 Fe1 Mo0.333 Ni0.667,CAST,7.2,other,BCC+Sec.,635.0,
Al0.5 Co0.5 Cr0.5 Fe1 Mo0.25 Ni0.5,CAST,7.2,other,BCC+Sec.,639.0,
Al1 Co1 Cr1 Fe1 Mo0.5,CAST,6.8,other,B2+Sec.,857.0,
Al1 Co1 Cr1 Fe1 Mo0.5 Ni1,CAST,7.1,other,B2+Sec.,730.0,
Al1 Co1 Cr1 Fe1 Mo0.5 Ni0.5,CAST,7.0,other,B2+Sec.,708.0,
Al0.667 Co0.667 Cr0.667 Fe0.667 Mo0.333 Ni1,CAST,7.2,other,FCC+B2+Sec.,586.0,
Al0.5 Co0.5 Cr0.5 Fe0.5 Mo0.25 Ni1,CAST,7.3,other,FCC+B2+Sec.,395.0,
Al1 Co1 Cr1 Fe1 Ni1,CAST,6.7,BCC,BCC,,1110.0
Al1 Co1 Cr1 Fe1 Ni1 Si1,CAST,5.7,other,BCC+Sec.,,2411.0
Al1 Co1 Cr1 Fe1 Ni1 Si0.2,CAST,6.5,BCC,BCC,,1265.0
Al1 Co1 Cr1 Fe1 Ni1 Si0.4,CAST,6.2,BCC,BCC,,1481.0
Al1 Co1 Cr1 Fe1 Ni1 Si0.6,CAST,6.0,BCC,BCC,,1834.0
Al1 Co1 Cr1 Fe1 Ni1 Si0.8,CAST,5.8,other,BCC+Sec.,,2179.0
Al0.25 Co1 Cr1 Cu0.5 Fe1 Ni1 Ti0.5,CAST,7.4,FCC,FCC,,
Al0.25 Co1 Cr1 Cu0.75 Fe1 Ni1 Ti0.5,CAST,7.5,FCC,FCC,,750.0
Al0.5 Co1 Cr1 Cu0.5 Fe1 Ni1 Ti0.5,CAST,7.1,other,FCC+BCC,,1580.0
Al0.75 Co1 Cr1 Cu0.25 Fe1 Ni1 Ti0.5,CAST,6.8,other,FCC+BCC,,1900.0
Co1 Cr1 Cu1 Fe1 Ni1 Ti0.5,CAST,7.8,FCC,FCC,,700.0
Al1 Co1 Cr1 Fe1 Ni1 Ti1,CAST,6.2,other,BCC+BCC,,1860.0
Al1 Co1 Cr1 Fe1 Ni1 Ti0.5,CAST,6.4,other,BCC+BCC,178.0,2260.0
Al0.667 Co0.667 Cr0.667 Fe0.667 Ni0.667 Ti1,CAST,6.1,other,BCC+Sec.,,2220.0
Al1 Co1 Fe1 Ni1 Ti1 V1 Zr1,CAST,6.2,BCC,BCC,790.0,
Al1 Fe1 Ni1 Ti1 V1 Zr1,CAST,5.9,BCC,BCC,800.0,
Fe1 Mo1 Ni1 Ti1 V1 Zr1,CAST,7.1,other,BCC+Sec.,740.0,
Al0.1 Co1 Cr1 Fe1 Mn1 Ni1,CAST,7.9,FCC,FCC,180.0,
Al0.2 Co1 Cr1 Fe1 Mn1 Ni1,CAST,7.7,FCC,FCC,171.0,220.0
Al0.38 Co1 Cr1 Fe1 Mn1 Ni1,CAST,7.5,FCC,FCC,182.0,244.0
Al0.43 Co1 Cr1 Fe1 Mn1 Ni1,CAST,7.4,other,FCC+BCC,183.0,285.0
Al0.49 Co1 Cr1 Fe1 Mn1 Ni1,CAST,7.4,other,FCC+BCC,220.0,331.0
Al0.56 Co1 Cr1 Fe1 Mn1 Ni1,CAST,7.3,other,FCC+BCC,278.0,526.0
Al0.62 Co1 Cr1 Fe1 Mn1 Ni1,CAST,7.2,other,FCC+BCC,405.0,833.0
Al0.68 Co1 Cr1 Fe1 Mn1 Ni1,CAST,7.2,other,FCC+BCC,486.0,
Al0.75 Co1 Cr1 Fe1 Mn1 Ni1,CAST,7.1,other,FCC+BCC,530.0,
Al0.81 Co1 Cr1 Fe1 Mn1 Ni1,CAST,7.0,other,FCC+BCC,539.0,
Al0.88 Co1 Cr1 Fe1 Mn1 Ni1,CAST,7.0,other,FCC+BCC,533.0,
Al0.95 Co1 Cr1 Fe1 Mn1 Ni1,CAST,6.9,other,FCC+BCC,535.0,
Al1 Co0.8 Cr0.8 Fe0.8 Mn0.8 Ni0.8,CAST,6.6,BCC,BCC,539.0,
Co1 Cr1 Fe1 Mn1 Ni1,CAST,8.0,FCC,FCC,176.0,208.0
Co1 Cr1 Fe1 Mn1 Ni1,CAST,8.0,FCC,FCC,144.0,
Co1 Cr1 Fe1 Mn1 Ni1,ANNEAL,8.0,FCC,FCC,135.0,230.0
Co1 Cr1 Fe1 Mn1 Ni1 V0.25,CAST,7.9,FCC,FCC,151.0,
Co1 Cr1 Fe1 Mn1 Ni1 V0.25,ANNEAL,7.9,other,FCC+Sec.,144.0,200.0
Co1 Cr1 Fe1 Mn1 Ni1 V0.5,CAST,7.8,FCC,FCC,186.0,
Co1 Cr1 Fe1 Mn1 Ni1 V0.5,ANNEAL,7.8,FCC,FCC,275.0,620.0
Co1 Cr1 Fe1 Mn1 Ni1 V0.75,ANNEAL,7.7,other,FCC+Sec.,380.0,740.0
Co1 Cr1 Fe1 Mn1 Ni1 V0.75,CAST,7.7,other,FCC+Sec.,342.0,
Co1 Cr1 Fe1 Mn1 Ni1 V1,ANNEAL,7.7,other,FCC+Sec.,636.0,1660.0
Co1 Cr1 Fe1 Mn1 Ni1 V1,CAST,7.7,other,FCC+Sec.,650.0,
Al0.2 Cr0.667 Fe1 Mn0.667 Ni0.333,CAST,7.2,other,FCC+BCC,297.0,
Al0.333 Cr0.667 Fe1 Mn0.667 Ni0.333,CAST,7.0,BCC,BCC,396.0,
Al1 Cr1 Fe1 Ni1,CAST,6.3,other,BCC+B2,472.0,1406.0
Al1 Cr1 Fe1 Mo1 Ni1,CAST,7.2,other,B2+Sec.,905.0,
Al1 Cr1 Fe1 Mo0.2 Ni1,CAST,6.5,other,BCC+B2,549.0,1487.0
Al1 Cr1 Fe1 Mo0.5 Ni1,CAST,6.8,other,BCC+B2,622.0,1749.0
Al1 Cr1 Fe1 Mo0.8 Ni1,CAST,7.0,other,B2+Sec.,854.0,1513.0
Co1 Cr1 Cu0.5 Fe1 Ni1,CAST,8.3,FCC,FCC,172.0,
Co1 Cr1 Cu1 Fe1 Ni1 Ti1,CAST,7.4,FCC,FCC,,1272.0
Co1 Cr1 Cu1 Fe1 Ni1 Ti0.5,CAST,7.8,FCC,FCC,,700.0
Co1 Cr1 Cu1 Fe1 Ni1 Ti0.8,CAST,7.6,other,FCC+Sec.,,1042.0
Al0.5 Co1 Cr1 Cu1 Fe1 Ni1,CAST,7.6,FCC,FCC,225.0,
Al0.5 Co1 Cr1 Cu1 Fe1 Ni1 Ti1,CAST,7.0,other,FCC+BCC+Sec.,636.0,
Al0.5 Co1 Cr1 Cu1 Fe1 Ni1 Ti0.2,CAST,7.5,FCC,FCC,272.0,
Al0.5 Co1 Cr1 Cu1 Fe1 Ni1 Ti0.4,CAST,7.3,FCC,FCC,321.0,
Al0.5 Co1 Cr1 Cu1 Fe1 Ni1 Ti0.6,CAST,7.2,other,FCC+BCC,458.0,
Al0.5 Co1 Cr1 Cu1 Fe1 Ni1 Ti0.8,CAST,7.1,other,FCC+BCC+Sec.,590.0,
Al0.417 Co0.833 Cr0.833 Cu0.833 Fe0.833 Ni0.833 Ti1,CAST,6.9,other,FCC+BCC+Sec.,646.0,
Al0.357 Co0.714 Cr0.714 Cu0.714 Fe0.714 Ni0.714 Ti1,CAST,6.8,other,FCC+BCC+B2+Sec.,664.0,
Al0.312 Co0.625 Cr0.625 Cu0.625 Fe0.625 Ni0.625 Ti1,CAST,6.7,other,FCC+BCC+B2+Sec.,657.0,
Al0.278 Co0.556 Cr0.556 Cu0.556 Fe0.556 Ni0.556 Ti1,CAST,6.6,other,FCC+BCC+B2+Sec.,667.0,
Al0.25 Co0.5 Cr0.5 Cu0.5 Fe0.5 Ni0.5 Ti1,CAST,6.5,other,FCC+BCC+B2+Sec.,696.0,
Al0.5 Co1 Cr1 Cu1 Fe1 Ni1,CAST,7.6,FCC,FCC,215.0,
Al0.5 Co1 Cr1 Cu1 Fe1 Ni1 V0.2,CAST,7.6,FCC,FCC,204.0,
Al0.5 Co1 Cr1 Cu1 Fe1 Ni1 V0.4,CAST,7.5,other,FCC+BCC,231.0,
Al0.5 Co1 Cr1 Cu1 Fe1 Ni1 V0.6,CAST,7.5,other,FCC+BCC+Sec.,328.0,
Al0.5 Co1 Cr1 Cu1 Fe1 Ni1 V0.8,CAST,7.4,other,FCC+BCC+Sec.,447.0,
Al0.5 Co1 Cr1 Cu1 Fe1 Ni1 V1,CAST,7.4,other,FCC+BCC+Sec.,639.0,
Al0.417 Co0.833 Cr0.833 Cu0.833 Fe0.833 Ni0.833 V1,CAST,7.3,BCC,BCC,579.0,
Al0.357 Co0.714 Cr0.714 Cu0.714 Fe0.714 Ni0.714 V1,CAST,7.3,BCC,BCC,577.0,
Al0.312 Co0.625 Cr0.625 Cu0.625 Fe0.625 Ni0.625 V1,CAST,7.2,BCC,BCC,594.0,
Al0.278 Co0.556 Cr0.556 Cu0.556 Fe0.556 Ni0.556 V1,CAST,7.2,BCC,BCC,597.0,
Al0.25 Co0.5 Cr0.5 Cu0.5 Fe0.5 Ni0.5 V1,CAST,7.2,BCC,BCC,587.0,
Al1 Co1 Cr1 Cu1 Fe1 Ni1,CAST,7.1,other,FCC+BCC,472.0,
Al1 Co1 Cu1 Fe1 Nd1 Ni1,CAST,7.0,other,Other,578.0,
Al1 Co1 Cu1 Fe1 Ni1,CAST,7.0,other,FCC+BCC,536.0,
Al1 Co1 Cu1 Fe1 Ni1 Si1,CAST,5.9,other,FCC+BCC,682.0,
Al1 Co1 Cu1 Fe1 Ni1 Ti1,CAST,6.5,other,FCC+BCC,626.0,
Al1 Co1 Cu1 Fe1 Ni1 Zr1,CAST,6.9,other,FCC+BCC+Sec.,472.0,
Al1 Co1 Cr1 Cu1 Fe1 Mn1 Ni1,CAST,7.1,other,FCC+BCC+Sec.,,1005.0
Al1 Co1 Cr1 Cu1 Fe1 Ni1,CAST,7.1,other,FCC+BCC,,1303.0
Al1 Co1 Cr1 Cu1 Fe1 Ni1 Ti1,CAST,6.6,other,FCC+BCC+BCC,,1234.0
Al1 Co1 Cr1 Cu1 Fe1 Ni1 V1,CAST,6.9,other,FCC+BCC,,1469.0
Al1 Co1 Cr1 Cu1 Ni1 Ti1 Y1,CAST,5.8,other,Other,,
Al1 Co1 Cr1 Cu1 Ni1 Ti1 Y0.5,CAST,6.1,other,Other,,
Al1 Co1 Cr1 Cu1 Ni1 Ti1 Y0.8,CAST,5.9,other,Other,,
Co1 Cu1 Fe1 Ni1,CAST,8.6,FCC,FCC,,
Co1 Cu1 Fe1 Ni1 Sn0.02,CAST,8.6,FCC,FCC,,
Co1 Cu1 Fe1 Ni1 Sn0.04,CAST,8.6,other,FCC+Sec.,,
Co1 Cu1 Fe1 Ni1 Sn0.05,CAST,8.6,other,FCC+Sec.,,
Co1 Cu1 Fe1 Ni1 Sn0.07,CAST,8.6,other,FCC+Sec.,,
Co1 Cu1 Fe1 Ni1 Sn0.1,CAST,8.6,other,FCC+Sec.,,
Co1 Cu1 Fe1 Ni1 Sn0.2,CAST,8.5,other,FCC+Sec.,,
Co1 Cu1 Fe1 Ni1 Sn0.5,CAST,8.3,other,FCC+Sec.,,
Co1 Cu1 Fe1 Mn1 Ni1,CAST,8.4,FCC,FCC,208.0,
Co1 Cu1 Fe1 Mn1 Ni1 Sn0.03,CAST,8.4,FCC,FCC,192.0,
Co1 Cu1 Fe1 Mn1 Ni1 Sn0.05,CAST,8.4,other,FCC+Sec.,205.0,
Co1 Cu1 Fe1 Mn1 Ni1 Sn0.08,CAST,8.3,other,FCC+Sec.,219.0,
Co1 Cu1 Fe1 Mn1 Ni1 Sn0.1,CAST,8.3,other,FCC+Sec.,253.0,
Co1 Cu1 Fe1 Mn1 Ni1 Sn0.2,CAST,8.3,other,FCC+Sec.,319.0,
Al1 Cr1 Cu1 Fe1 Ni1,ANNEAL,6.8,other,FCC+BCC,495.0,
Al1 Cr1 Cu1 Fe1 Ni0.6,ANNEAL,6.6,other,FCC+BCC,496.0,
Al1 Cr1 Cu1 Fe1 Ni0.8,ANNEAL,6.7,other,FCC+BCC,486.0,
Al0.833 Cr0.833 Cu0.833 Fe0.833 Ni1,ANNEAL,6.8,other,FCC+BCC,407.0,
Al0.714 Cr0.714 Cu0.714 Fe0.714 Ni1,ANNEAL,6.9,other,FCC+BCC,367.0,
Al1 Cr1 Cu1 Fe1 Ni1 Ti1,ANNEAL,6.3,other,BCC+BCC+Sec.,,
Al1 Cu0.889 Fe0.667 Ni0.889 Ti1,CAST,5.9,FCC,FCC,516.0,980.0
Al1 Cu0.889 Fe0.667 Ni0.889 Ti1,CAST,5.9,FCC,FCC,516.0,980.0
Al1 Cu1 Fe1 Ni1 Ti1,CAST,6.1,FCC,FCC,516.0,1074.0
Al1 Cu1 Ni1 Ti1,CAST,5.7,FCC,FCC,537.0,300.0
Al1 Cu0.062 Li0.062 Mg0.062 Zn0.062,CAST,2.9,other,FCC+Sec.,,488.0
Al1 Li0.062 Mg0.062 Sn0.062 Zn0.062,CAST,3.0,other,FCC+Sec.,,415.0
Al1 Cu0.2 Li0.5 Mg1 Zn0.5,CAST,2.7,other,Other,,
Al1 Cu0.5 Li0.5 Mg1 Sn0.2,CAST,3.0,other,Other,,
Al1 Li0.5 Mg1 Sn0.2 Zn0.5,CAST,2.9,other,FCC+Sec.,,546.0
Al1 Li1 Mg1 Sn1 Zn1,CAST,3.9,other,FCC+HCP+Sec.,,600.0
Al0.214 Nb0.714 Ta0.571 Ti1 V0.143 Zr0.929,OTHER,7.7,BCC,BCC,500.0,1965.0
Al0.214 Nb0.714 Ta0.571 Ti1 V0.143 Zr0.929,OTHER,7.7,BCC,BCC,,678.0
Al0.214 Nb0.714 Ta0.571 Ti1 V0.143 Zr0.929,OTHER,7.7,BCC,BCC,,166.0
Al0.214 Nb0.714 Ta0.714 Ti1 Zr0.929,OTHER,8.1,BCC,BCC,490.0,1965.0
Al0.214 Nb0.714 Ta0.714 Ti1 Zr0.929,OTHER,8.1,BCC,BCC,,362.0
Al0.214 Nb0.714 Ta0.714 Ti1 Zr0.929,OTHER,8.1,BCC,BCC,,236.0
Al0.4 Hf0.6 Nb1 Ta1 Ti1 Zr1,OTHER,9.1,BCC,BCC,500.0,1841.0
Al0.4 Hf0.6 Nb1 Ta1 Ti1 Zr1,OTHER,9.1,BCC,BCC,,796.0
Al0.4 Hf0.6 Nb1 Ta1 Ti1 Zr1,OTHER,9.1,BCC,BCC,,298.0
Al0.333 Nb0.667 Ta0.533 Ti1 V0.133 Zr0.667,OTHER,7.6,BCC,BCC,530.0,2035.0
Al0.333 Nb0.667 Ta0.533 Ti1 V0.133 Zr0.667,OTHER,7.6,BCC,BCC,,796.0
Al0.333 Nb0.667 Ta0.533 Ti1 V0.133 Zr0.667,OTHER,7.6,BCC,BCC,,220.0
Al1 Mo0.5 Nb1 Ta0.5 Ti1 Zr1,OTHER,7.1,other,BCC+B2,591.0,2000.0
Al1 Mo0.5 Nb1 Ta0.5 Ti1 Zr1,OTHER,7.1,other,BCC+B2,,1597.0
Al1 Mo0.5 Nb1 Ta0.5 Ti1 Zr1,OTHER,7.1,other,BCC+B2,,745.0
Al1 Mo0.5 Nb1 Ta0.5 Ti1 Zr1,OTHER,7.1,other,BCC+B2,,250.0
Al0.667 Nb1 Ta0.333 Ti1 Zr0.333,OTHER,6.8,BCC,BCC,408.0,1280.0
Al0.667 Nb1 Ta0.333 Ti1 Zr0.333,OTHER,6.8,BCC,BCC,,728.0
Al0.667 Nb1 Ta0.333 Ti1 Zr0.333,OTHER,6.8,BCC,BCC,,403.0
Al0.3 Hf1 Nb1 Ta1 Ti1 Zr1,CAST,9.5,BCC,BCC,353.0,1188.0
Al0.5 Hf1 Nb1 Ta1 Ti1 Zr1,CAST,9.3,BCC,BCC,396.0,1302.0
Al0.75 Hf1 Nb1 Ta1 Ti1 Zr1,CAST,9.1,BCC,BCC,427.0,1415.0
Al1 Hf1 Nb1 Ta1 Ti1 Zr1,CAST,8.9,other,BCC+Sec.,441.0,1489.0
Hf1 Nb1 Ta1 Ti1 Zr1,CAST,9.9,BCC,BCC,295.0,1073.0
Al0.25 Mo1 Nb1 Ti1 V1,CAST,7.1,BCC,BCC,460.0,1250.0
Al0.5 Mo1 Nb1 Ti1 V1,CAST,6.8,BCC,BCC,487.0,1625.0
Al0.75 Mo1 Nb1 Ti1 V1,CAST,6.6,BCC,BCC,517.0,1260.0
Al1 Mo1 Nb1 Ti1 V1,CAST,6.4,BCC,BCC,537.0,1375.0
Mo1 Nb1 Ti1 V1,CAST,7.3,BCC,BCC,441.0,1200.0
Al0.25 Nb1 Ta1 Ti1 V1,CAST,8.8,BCC,BCC,,1330.0
Al0.5 Nb1 Ta1 Ti1 V1,CAST,8.5,BCC,BCC,,1014.0
Al1 Nb1 Ta1 Ti1 V1,CAST,7.9,BCC,BCC,,993.0
Nb1 Ta1 Ti1 V1,CAST,9.2,BCC,BCC,,1092.0
Al1 Nb1 Ti1 V1,ANNEAL,5.5,BCC,BCC,448.0,1020.0
Al1 Nb1 Ti1 V1,ANNEAL,5.5,BCC,BCC,,810.0
Al1 Nb1 Ti1 V1,ANNEAL,5.5,BCC,BCC,,685.0
Al1 Nb1 Ti1 V1,ANNEAL,5.5,BCC,BCC,,158.0
Cr1 Mo0.5 Nb1 Ta0.5 Ti1 Zr1,OTHER,8.0,other,BCC+BCC+Sec.,540.0,1595.0
Cr1 Mo0.5 Nb1 Ta0.5 Ti1 Zr1,OTHER,8.0,other,BCC+BCC+Sec.,,983.0
Cr1 Mo0.5 Nb1 Ta0.5 Ti1 Zr1,OTHER,8.0,other,BCC+BCC+Sec.,,546.0
Cr1 Mo0.5 Nb1 Ta0.5 Ti1 Zr1,OTHER,8.0,other,BCC+BCC+Sec.,,170.0
Cr1 Nb1 Ti1 V1 Zr1,OTHER,6.6,other,BCC+Sec.,482.0,1298.0
Cr1 Nb1 Ti1 V1 Zr1,OTHER,6.6,other,BCC+Sec.,,1230.0
Cr1 Nb1 Ti1 V1 Zr1,OTHER,6.6,other,BCC+Sec.,,615.0
Cr1 Nb1 Ti1 V1 Zr1,OTHER,6.6,other,BCC+Sec.,,259.0
Cr1 Nb1 Ti1 Zr1,OTHER,6.6,other,BCC+Sec.,418.0,1260.0
Cr1 Nb1 Ti1 Zr1,OTHER,6.6,other,BCC+Sec.,,1035.0
Cr1 Nb1 Ti1 Zr1,OTHER,6.6,other,BCC+Sec.,,300.0
Cr1 Nb1 Ti1 Zr1,OTHER,6.6,other,BCC+Sec.,,115.0
Nb0.5 Ti0.5 V1 Zr0.5,OTHER,6.4,BCC,BCC,304.0,918.0
Nb0.5 Ti0.5 V1 Zr0.5,OTHER,6.4,BCC,BCC,,571.0
Nb0.5 Ti0.5 V1 Zr0.5,OTHER,6.4,BCC,BCC,,240.0
Nb0.5 Ti0.5 V1 Zr0.5,OTHER,6.4,BCC,BCC,,72.0
Nb1 Ti1 V1 Zr1,OTHER,6.5,BCC,BCC,335.0,1105.0
Nb1 Ti1 V1 Zr1,OTHER,6.5,BCC,BCC,,834.0
Nb1 Ti1 V1 Zr1,OTHER,6.5,BCC,BCC,,187.0
Nb1 Ti1 V1 Zr1,OTHER,6.5,BCC,BCC,,58.0
Hf0.5 Mo0.5 Nb1 Ti1 Zr1,CAST,7.9,BCC,BCC,,1176.0
C0.1 Hf0.5 Mo0.5 Nb1 Ti1 Zr1,CAST,7.8,other,BCC+Sec.,,1183.0
C0.3 Hf0.5 Mo0.5 Nb1 Ti1 Zr1,CAST,7.7,other,BCC+Sec.,,1201.0
Hf1 Mo0.25 Nb1 Ta1 Ti1 Zr1,CAST,9.9,BCC,BCC,395.0,1112.0
Hf1 Mo0.5 Nb1 Ta1 Ti1 Zr1,CAST,9.9,BCC,BCC,480.0,1317.0
Hf1 Mo0.75 Nb1 Ta1 Ti1 Zr1,CAST,9.9,BCC,BCC,492.0,1373.0
Hf1 Mo1 Nb1 Ta1 Ti1 Zr1,CAST,9.9,BCC,BCC,505.0,1512.0
Hf1 Nb1 Ta1 Ti1 Zr1,CAST,9.9,BCC,BCC,335.0,1015.0
Hf1 Mo1 Nb1 Ta1 Ti1 Zr1,CAST,9.9,BCC,BCC,505.0,1512.0
Hf1 Mo1 Nb1 Ta1 Ti1 Zr1,CAST,9.9,BCC,BCC,,1007.0
Hf1 Mo1 Nb1 Ta1 Ti1 Zr1,CAST,9.9,BCC,BCC,,814.0
Hf1 Mo1 Nb1 Ta1 Ti1 Zr1,CAST,9.9,BCC,BCC,,556.0
Hf1 Mo1 Ta1 Ti1 Zr1,CAST,10.2,BCC,BCC,542.0,1600.0
Hf1 Mo1 Ta1 Ti1 Zr1,CAST,10.2,BCC,BCC,,1045.0
Hf1 Mo1 Ta1 Ti1 Zr1,CAST,10.2,BCC,BCC,,855.0
Hf1 Mo1 Ta1 Ti1 Zr1,CAST,10.2,BCC,BCC,,404.0
Hf1 Mo1 Nb1 Ti1 Zr1,ANNEAL,8.7,BCC,BCC,,1575.0
Hf1 Mo1 Nb1 Ti1 Zr1,ANNEAL,8.7,BCC,BCC,,825.0
Hf1 Mo1 Nb1 Ti1 Zr1,ANNEAL,8.7,BCC,BCC,,635.0
Hf1 Mo1 Nb1 Ti1 Zr1,ANNEAL,8.7,BCC,BCC,,187.0
Hf1 Mo1 Nb1 Ti1 Zr1,CAST,8.7,BCC,BCC,,1719.0
Hf1 Nb1 Si0.5 Ti1 V1,CAST,7.8,other,BCC+Sec.,,875.0
Hf1 Nb1 Si0.5 Ti1 V1,CAST,7.8,other,BCC+Sec.,,240.0
Hf1 Nb1 Si0.5 Ti1 V1,CAST,7.8,other,BCC+Sec.,490.0,1399.0
Hf0.333 Nb0.333 Ta0.333 Ti1 Zr0.667,CAST,8.2,BCC,BCC,301.0,903.0
Hf1 Nb1 Ta1 Ti1 Zr1,OTHER,9.9,BCC,BCC,,929.0
Hf1 Nb1 Ta1 Ti1 Zr1,OTHER,9.9,BCC,BCC,,790.0
Hf1 Nb1 Ta1 Ti1 Zr1,OTHER,9.9,BCC,BCC,,675.0
Hf1 Nb1 Ta1 Ti1 Zr1,OTHER,9.9,BCC,BCC,,535.0
Hf1 Nb1 Ta1 Ti1 Zr1,OTHER,9.9,BCC,BCC,,295.0
Hf1 Nb1 Ta1 Ti1 Zr1,OTHER,9.9,BCC,BCC,,92.0
Hf1 Nb1 Ti1 Zr1,CAST,8.4,BCC,BCC,,879.0
Mo1 Nb1 Ta1 V1,ANNEAL,10.7,BCC,BCC,504.0,1525.0
Mo1 Nb1 Ta1 V1 W1,CAST,12.4,BCC,BCC,536.0,1246.0
Mo1 Nb1 Ta1 V1 W1,CAST,12.4,BCC,BCC,,862.0
Mo1 Nb1 Ta1 V1 W1,CAST,12.4,BCC,BCC,,846.0
Mo1 Nb1 Ta1 V1 W1,CAST,12.4,BCC,BCC,,842.0
Mo1 Nb1 Ta1 V1 W1,CAST,12.4,BCC,BCC,,735.0
Mo1 Nb1 Ta1 V1 W1,CAST,12.4,BCC,BCC,,656.0
Mo1 Nb1 Ta1 V1 W1,CAST,12.4,BCC,BCC,,477.0
Mo1 Nb1 Ta1 W1,CAST,13.7,BCC,BCC,454.0,1058.0
Mo1 Nb1 Ta1 W1,CAST,13.7,BCC,BCC,,561.0
Mo1 Nb1 Ta1 W1,CAST,13.7,BCC,BCC,,552.0
Mo1 Nb1 Ta1 W1,CAST,13.7,BCC,BCC,,548.0
Mo1 Nb1 Ta1 W1,CAST,13.7,BCC,BCC,,506.0
Mo1 Nb1 Ta1 W1,CAST,13.7,BCC,BCC,,421.0
Mo1 Nb1 Ta1 W1,CAST,13.7,BCC,BCC,,405.0
Mo0.3 Nb1 Ti1 V1 Zr1,ANNEAL,6.7,BCC,BCC,,1289.0
Mo0.5 Nb1 Ti1 V1 Zr1,ANNEAL,6.8,BCC,BCC,,1473.0
Mo0.7 Nb1 Ti1 V1 Zr1,ANNEAL,6.9,BCC,BCC,,1706.0
Mo1 Nb0.769 Ti0.769 V0.769 Zr0.769,ANNEAL,7.3,BCC,BCC,,1496.0
Mo1 Nb0.667 Ti0.667 V0.667 Zr0.667,ANNEAL,7.4,BCC,BCC,,1603.0
Mo1 Nb0.588 Ti0.588 V0.588 Zr0.588,ANNEAL,7.5,BCC,BCC,,1645.0
Mo1 Nb0.5 Ti0.5 V0.5 Zr0.5,ANNEAL,7.6,BCC,BCC,,1765.0
Mo1 Nb1 Ti1 V1 Zr1,ANNEAL,7.1,BCC,BCC,,1779.0
Mo1 Nb1 Ti1 V0.3 Zr1,ANNEAL,7.2,BCC,BCC,,1455.0
Mo0.1 Nb1 Ti1 V0.3 Zr1,ANNEAL,6.6,BCC,BCC,,932.0
Mo0.3 Nb1 Ti1 V0.3 Zr1,ANNEAL,6.8,BCC,BCC,,1312.0
Mo0.5 Nb1 Ti1 V0.3 Zr1,ANNEAL,6.9,BCC,BCC,,1301.0
Mo0.7 Nb1 Ti1 V0.3 Zr1,ANNEAL,7.1,BCC,BCC,,1436.0
Mo1 Nb0.769 Ti0.769 V0.231 Zr0.769,ANNEAL,7.4,BCC,BCC,,1603.0
Mo1 Nb0.667 Ti0.667 V0.2 Zr0.667,ANNEAL,7.5,BCC,BCC,,1576.0
Nb1 Ti1 V0.3 Zr1,ANNEAL,6.5,BCC,BCC,,866.0
Nb1 Ti1 V1 Zr1,ANNEAL,6.5,BCC,BCC,,1104.0
Mo1 Nb1 Ti1 V0.25 Zr1,CAST,7.3,BCC,BCC,,1776.0
Mo1 Nb1 Ti1 V0.5 Zr1,CAST,7.2,BCC,BCC,,1647.0
Mo1 Nb1 Ti1 V0.75 Zr1,CAST,7.2,BCC,BCC,,1708.0
Mo1 Nb1 Ti1 V1 Zr1,CAST,7.1,BCC,BCC,,1786.0
Mo0.667 Nb0.667 Ti0.667 V1 Zr0.667,CAST,7.1,BCC,BCC,,1735.0
Mo0.5 Nb0.5 Ti0.5 V1 Zr0.5,CAST,7.0,BCC,BCC,,1538.0
Mo0.333 Nb0.333 Ti0.333 V1 Zr0.333,CAST,6.9,BCC,BCC,,1418.0
Mo1 Nb1 Ti1 Zr1,CAST,7.3,BCC,BCC,,1592.0
Co1 Fe1 Mo0.2 Ni1 V1,CAST,8.0,other,FCC+Sec.,267.0,
Co1 Fe1 Mo0.4 Ni1 V1,CAST,8.1,other,FCC+Sec.,402.0,
Co1 Fe1 Mo0.6 Ni1 V1,CAST,8.2,other,FCC+Sec.,557.0,
Co1 Fe1 Mo0.8 Ni1 V1,CAST,8.3,other,FCC+Sec.,606.0,
Co0.833 Fe0.833 Mo0.833 Ni1 V0.833,CAST,8.4,other,FCC+Sec.,602.0,
Co0.714 Fe0.714 Mo0.714 Ni1 V0.714,CAST,8.5,other,FCC+Sec.,538.0,
Co0.625 Fe0.625 Mo0.625 Ni1 V0.625,CAST,8.5,other,FCC+Sec.,520.0,
Co0.556 Fe0.556 Mo0.556 Ni1 V0.556,CAST,8.5,other,FCC+Sec.,510.0,
Co0.5 Fe0.5 Mo0.5 Ni1 V0.5,CAST,8.5,other,FCC+Sec.,382.0,
Co1 Fe1 Mo1 Ni1 V1,CAST,8.4,other,FCC+Sec.,625.0,
Co1 Fe1 Ni1 V1,CAST,7.8,FCC,FCC,238.0,
Al0.125 Co1 Cr1 Cu1 Fe1 Mn1 Ni1 Ti1 V1,CAST,7.2,other,FCC+BCC,,1862.0
Al0.25 Co1 Cr1 Cu1 Fe1 Mn1 Ni1 Ti1 V1,CAST,7.1,BCC,BCC,,1465.0
Al0.667 Co1 Cr1 Cu1 Fe1 Mn1 Ni1 Ti1 V1,CAST,6.8,other,BCC+Sec.,,1461.0
Co1 Cr1 Cu1 Fe1 Mn1 Ni1 Ti1 V1,CAST,7.3,other,FCC+BCC+Sec.,,1312.0
Cu1 Mn1 Ni1 Zn0.333,CAST,8.3,FCC,FCC,147.0,215.0
Cu1 Mn1 Ni1 Zn0.25,CAST,8.3,FCC,FCC,109.0,140.0
Al0.111 Cu1 Mn1 Ni1,CAST,8.1,other,FCC+Sec.,241.0,515.0
Cu1 Mn1 Ni1 Sn0.111,CAST,8.3,other,FCC+Sec.,318.0,630.0
Al0.053 Cu1 Mn1 Ni1,CAST,8.3,FCC,FCC,166.0,330.0
Cu1 Mn1 Ni1 Sn0.053,CAST,8.4,other,FCC+Sec.,205.0,380.0
Al0.5 Co1 Cr1 Cu1 Fe1 Ni1,CAST,7.6,FCC,FCC,,150.0
Al0.5 Co1 Cr1 Cu1 Fe1 Ni1,CAST,7.6,FCC,FCC,,388.0
Al0.5 Co1 Cr1 Cu1 Fe1 Ni1,CAST,7.6,FCC,FCC,,411.0
Al0.5 Co1 Cr1 Cu1 Fe1 Ni1,CAST,7.6,FCC,FCC,,421.0
Al0.5 Co1 Cr1 Cu1 Fe1 Ni1,CAST,7.6,FCC,FCC,,426.0
Al0.5 Co1 Cr1 Cu1 Fe1 Ni1,CAST,7.6,FCC,FCC,,230.0
Al0.5 Co1 Cr1 Cu1 Fe1 Ni1,CAST,7.6,FCC,FCC,,80.0
Al1 Co0.5 Cr0.5 Cu0.5 Fe0.5 Ni0.5,CAST,6.3,BCC,BCC,,116.0
Al1 Co0.5 Cr0.5 Cu0.5 Fe0.5 Ni0.5,CAST,6.3,BCC,BCC,,79.0
Al1 Co0.5 Cr0.5 Cu0.5 Fe0.5 Ni0.5,CAST,6.3,BCC,BCC,,1620.0
Al1 Co0.5 Cr0.5 Cu0.5 Fe0.5 Ni0.5,CAST,6.3,BCC,BCC,,805.0
Al1 Co0.5 Cr0.5 Cu0.5 Fe0.5 Ni0.5,CAST,6.3,BCC,BCC,,1120.0
Al1 Co0.5 Cr0.5 Cu0.5 Fe0.5 Ni0.5,CAST,6.3,BCC,BCC,,567.0
Al1 Co0.5 Cr0.5 Cu0.5 Fe0.5 Ni0.5,CAST,6.3,BCC,BCC,,214.0
Al1 Co0.5 Cr0.5 Cu0.5 Fe0.5 Ni0.5,CAST,6.3,BCC,BCC,,302.0
Al1 Co1 Cr1 Cu1 Fe1 Ni1,CAST,7.1,other,FCC+BCC,,47.0
Al1 Co1 Cr1 Cu1 Fe1 Ni1,CAST,7.1,other,FCC+BCC,,948.0
Al1 Co1 Cr1 Cu1 Fe1 Ni1,CAST,7.1,other,FCC+BCC,,561.0
Al1 Co1 Cr1 Cu1 Fe1 Ni1,CAST,7.1,other,FCC+BCC,,307.0
Al1 Co1 Cr1 Cu1 Fe1 Ni1,CAST,7.1,other,FCC+BCC,,172.0
Al1 Co1 Cr1 Cu1 Fe1 Ni1,CAST,7.1,other,FCC+BCC,,98.0
Al1 Cr1 Mo1 Nb1 Ti1,CAST,6.6,BCC,BCC,,
Al1 Cr1 Mo1 Nb1 Ti1,CAST,6.6,BCC,BCC,,1080.0
Al1 Cr1 Mo1 Nb1 Ti1,CAST,6.6,BCC,BCC,,1060.0
Al1 Cr1 Mo1 Nb1 Ti1,CAST,6.6,BCC,BCC,,860.0
Al1 Cr1 Mo1 Nb1 Ti1,CAST,6.6,BCC,BCC,,594.0
Al1 Cr1 Mo1 Nb1 Ti1,CAST,6.6,BCC,BCC,,105.0
Al1 Cr1 Mo1 Nb1 Ti1,ANNEAL,6.6,BCC,BCC,,930.0
Al1 Cr1 Mo1 Nb1 Ti1,ANNEAL,6.6,BCC,BCC,,875.0
Al1 Cr1 Mo1 Nb1 Ti1,ANNEAL,6.6,BCC,BCC,,550.0
Al1 Cr1 Mo1 Nb1 Ti1,ANNEAL,6.6,BCC,BCC,,150.0
Al1 Cr1 Mo1 Ti1,ANNEAL,6.0,BCC,BCC,,1070.0
Al1 Cr1 Mo1 Ti1,ANNEAL,6.0,BCC,BCC,,1020.0
Al1 Cr1 Mo1 Ti1,ANNEAL,6.0,BCC,BCC,,875.0
Al1 Cr1 Mo1 Ti1,ANNEAL,6.0,BCC,BCC,,375.0
Al1 Cr1 Mo1 Ti1,ANNEAL,6.0,BCC,BCC,,100.0
Al1 Mo1 Nb1 Ti1,ANNEAL,6.5,BCC,BCC,,520.0
Al1 Mo1 Nb1 Ti1,ANNEAL,6.5,BCC,BCC,,500.0
Al1 Mo1 Nb1 Ti1,ANNEAL,6.5,BCC,BCC,,540.0
Al1 Mo1 Nb1 Ti1,ANNEAL,6.5,BCC,BCC,,200.0
Al1 Nb1 Ti1 V1,ANNEAL,5.5,other,B2,,780.0
Al1 Nb1 Ti1 V1,ANNEAL,5.5,other,B2,,560.0
Al1 Nb1 Ti1 V1,ANNEAL,5.5,other,B2,,1000.0
Al1 Nb1 Ti1 V1 Zr1,ANNEAL,5.8,other,B2+Laves+Sec.,,1155.0
Al1 Nb1 Ti1 V1 Zr1,ANNEAL,5.8,other,B2+Laves+Sec.,,550.0
Al1 Nb1 Ti1 V1 Zr1,ANNEAL,5.8,other,B2+Laves+Sec.,,1500.0
Al1 Nb1 Ti1 V1 Zr0.1,ANNEAL,5.5,other,B2+Sec.,,975.0
Al1 Nb1 Ti1 V1 Zr0.1,ANNEAL,5.5,other,B2+Sec.,,865.0
Al1 Nb1 Ti1 V1 Zr0.1,ANNEAL,5.5,other,B2+Sec.,,1290.0
Al1 Nb1 Ti1 V1 Zr0.25,ANNEAL,5.6,other,B2+Sec.,,1065.0
Al1 Nb1 Ti1 V1 Zr0.25,ANNEAL,5.6,other,B2+Sec.,,855.0
Al1 Nb1 Ti1 V1 Zr0.25,ANNEAL,5.6,other,B2+Sec.,,1360.0
Al1 Nb1 Ti1 V1 Zr0.5,ANNEAL,5.6,other,B2+Laves+Sec.,,1135.0
Al1 Nb1 Ti1 V1 Zr0.5,ANNEAL,5.6,other,B2+Laves+Sec.,,675.0
Al1 Nb1 Ti1 V1 Zr0.5,ANNEAL,5.6,other,B2+Laves+Sec.,,1485.0
Al0.667 Nb0.667 Ti0.667 V0.667 Zr1,ANNEAL,5.8,other,B2+Laves+Sec.,,1195.0
Al0.667 Nb0.667 Ti0.667 V0.667 Zr1,ANNEAL,5.8,other,B2+Laves+Sec.,,180.0
Al0.667 Nb0.667 Ti0.667 V0.667 Zr1,ANNEAL,5.8,other,B2+Laves+Sec.,,1535.0
Co1 Cr1 Mo1 Nb1,CAST,8.8,other,BCC+Laves,,
Co1 Cr1 Mo1 Nb1 Ti1,CAST,7.8,other,BCC+Laves,,
Co1 Cr1 Mo1 Nb1 Ti0.2,CAST,8.5,other,BCC+Laves,,
Co1 Cr1 Mo1 Nb1 Ti0.4,CAST,8.3,BCC,BCC,,
Co1 Cr1 Mo1 Nb1 Ti0.5,CAST,8.2,other,BCC+Laves,,
Cr1 Hf1 Nb1 Ti1 Zr1,ANNEAL,8.2,other,BCC+Laves,,1457.0
Cr1 Hf1 Nb1 Ti1 Zr1,ANNEAL,8.2,other,BCC+Laves,,1420.0
Cr1 Hf1 Nb1 Ti1 Zr1,ANNEAL,8.2,other,BCC+Laves,,1328.0
Cr1 Hf1 Nb1 Ti1 Zr1,ANNEAL,8.2,other,BCC+Laves,,1322.0
Cr1 Hf1 Nb1 Ti1 Zr1,CAST,8.2,other,BCC+Laves,,1375.0
Hf1 Nb1 Ti1 V1 Zr1,ANNEAL,8.1,other,BCC+Laves,,1157.0
Hf1 Nb1 Ti1 V1 Zr1,ANNEAL,8.1,BCC,BCC,,1253.0
Hf1 Nb1 Ti1 V1 Zr1,ANNEAL,8.1,BCC,BCC,,1140.0
Hf1 Nb1 Ti1 V1 Zr1,ANNEAL,8.1,BCC,BCC,,1120.0
Hf1 Nb1 Ti1 V1 Zr1,CAST,8.1,other,BCC+Laves,,1170.0
Cr1 Ta1 Ti0.17 V1 W1,POWDER,12.6,other,BCC+Laves,715.0,2034.0
Cr1 Ta1 Ti0.17 V1 W1,POWDER,12.6,other,BCC+Laves,,750.0
Cr1 Ta1 Ti0.3 V1 W1,POWDER,12.3,other,BCC+Laves,780.0,2050.0
Cr1 Ta1 Ti0.3 V1 W1,POWDER,12.3,other,BCC+Laves,,586.0
Cr1 Ta1 V1 W1,POWDER,13.0,other,BCC+Laves,715.0,2327.0
Cr1 Ta1 V1 W1,POWDER,13.0,other,BCC+Laves,,979.0
Hf0.26 Nb1 Ta1 Ti0.578 Zr0.416,CAST,10.4,BCC,BCC,,795.0
Hf0.26 Nb1 Ta1 Ti0.578 Zr0.416,CAST,10.4,BCC,BCC,,765.0
Hf0.26 Nb1 Ta1 Ti0.578 Zr0.416,CAST,10.4,BCC,BCC,,650.0
Hf0.26 Nb1 Ta1 Ti0.578 Zr0.416,CAST,10.4,BCC,BCC,,590.0
Hf0.26 Nb1 Ta1 Ti0.578 Zr0.416,CAST,10.4,BCC,BCC,,845.0
Hf0.5 Mo0.5 Nb1 Si0.1 Ti1 Zr1,CAST,7.7,other,BCC+Sec.,442.0,1350.0
Hf0.5 Mo0.5 Nb1 Si0.3 Ti1 Zr1,CAST,7.5,other,BCC+Sec.,494.0,1370.0
Hf0.5 Mo0.5 Nb1 Si0.5 Ti1 Zr1,CAST,7.2,other,BCC+Sec.,524.0,1600.0
Hf0.5 Mo0.5 Nb1 Si0.7 Ti1 Zr1,CAST,7.0,other,BCC+Sec.,580.0,1550.0
Hf0.5 Mo0.5 Nb1 Si0.9 Ti1 Zr1,CAST,6.8,other,BCC+Sec.,640.0,1650.0
Hf0.5 Mo0.5 Nb1 Ti1 Zr1,CAST,7.9,other,BCC+Sec.,400.0,1150.0
Hf0.5 Nb0.667 Ta0.333 Ti1 Zr0.833,WROUGHT,8.4,BCC,BCC,,2250.0
Hf0.5 Nb0.667 Ta0.333 Ti1 Zr0.833,WROUGHT,8.4,BCC,BCC,,2210.0
Hf0.5 Nb0.667 Ta0.333 Ti1 Zr0.833,WROUGHT,8.4,BCC,BCC,,1880.0
Hf0.5 Nb0.667 Ta0.333 Ti1 Zr0.833,WROUGHT,8.4,BCC,BCC,,1750.0
Hf0.5 Nb0.667 Ta0.333 Ti1 Zr0.833,WROUGHT,8.4,BCC,BCC,,1640.0
Hf0.5 Nb0.667 Ta0.333 Ti1 Zr0.833,WROUGHT,8.4,BCC,BCC,,1550.0
Hf0.5 Nb0.667 Ta0.333 Ti1 Zr0.833,WROUGHT,8.4,BCC,BCC,,1380.0
Hf0.5 Nb0.667 Ta0.333 Ti1 Zr0.833,WROUGHT,8.4,BCC,BCC,,1370.0
Hf0.5 Nb0.667 Ta0.333 Ti1 Zr0.833,WROUGHT,8.4,BCC,BCC,,1200.0
Hf0.5 Nb0.667 Ta0.333 Ti1 Zr0.833,WROUGHT,8.4,BCC,BCC,,1180.0
Hf0.5 Nb0.667 Ta0.333 Ti1 Zr0.833,WROUGHT,8.4,BCC,BCC,,1040.0
Hf0.5 Nb0.667 Ta0.333 Ti1 Zr0.833,WROUGHT,8.4,BCC,BCC,,1020.0
Hf0.5 Nb0.667 Ta0.333 Ti1 Zr0.833,WROUGHT,8.4,BCC,BCC,,1150.0
Hf0.5 Nb0.667 Ta0.333 Ti1 Zr0.833,WROUGHT,8.4,BCC,BCC,,1100.0
Hf0.5 Nb0.667 Ta0.333 Ti1 Zr0.833,WROUGHT,8.4,BCC,BCC,,2390.0
Hf0.5 Nb0.667 Ta0.333 Ti1 Zr0.833,WROUGHT,8.4,BCC,BCC,,1920.0
Hf0.5 Nb0.667 Ta0.333 Ti1 Zr0.833,WROUGHT,8.4,BCC,BCC,,1370.0
Hf0.5 Nb0.667 Ta0.333 Ti1 Zr0.833,WROUGHT,8.4,BCC,BCC,,1250.0
Hf0.5 Nb0.667 Ta0.333 Ti1 Zr0.833,WROUGHT,8.4,BCC,BCC,,1020.0
Hf0.5 Nb0.667 Ta0.333 Ti1 Zr0.833,WROUGHT,8.4,BCC,BCC,,640.0
Hf0.5 Nb0.667 Ta0.333 Ti1 Zr0.833,WROUGHT,8.4,BCC,BCC,,890.0
Hf1 Mo0.5 Nb1 Si0.3 Ti1 V0.5,CAST,8.5,other,BCC+Sec.,,398.0
Hf1 Mo0.5 Nb1 Si0.3 Ti1 V0.5,CAST,8.5,other,BCC+Sec.,,1617.0
Hf1 Mo0.5 Nb1 Si0.3 Ti1 V0.5,CAST,8.5,other,BCC+Sec.,,166.0
Hf1 Mo0.5 Nb1 Si0.5 Ti1 V0.5,CAST,8.2,other,BCC+Sec.,,614.0
Hf1 Mo0.5 Nb1 Si0.5 Ti1 V0.5,CAST,8.2,other,BCC+Sec.,,1787.0
Hf1 Mo0.5 Nb1 Si0.5 Ti1 V0.5,CAST,8.2,other,BCC+Sec.,,188.0
Hf1 Mo0.5 Nb1 Si0.7 Ti1 V0.5,CAST,7.9,other,BCC+Sec.,,673.0
Hf1 Mo0.5 Nb1 Si0.7 Ti1 V0.5,CAST,7.9,other,BCC+Sec.,,2134.0
Hf1 Mo0.5 Nb1 Si0.7 Ti1 V0.5,CAST,7.9,other,BCC+Sec.,,235.0
Hf1 Mo0.5 Nb1 Ti1 V0.5,CAST,9.0,BCC,BCC,,368.0
Hf1 Mo0.5 Nb1 Ti1 V0.5,CAST,9.0,BCC,BCC,,60.0
Hf1 Mo0.5 Nb1 Ti1 V0.5,CAST,9.0,BCC,BCC,,1260.0
Hf0.787 Nb0.142 Ta0.142 Ti1 Zr0.787,WROUGHT,8.5,BCC,BCC,,540.0
Al0.25 Nb1 Ta1 Ti1 Zr1,OTHER,8.6,other,BCC+B2,,366.0
Al0.25 Nb1 Ta1 Ti1 Zr1,OTHER,8.6,other,BCC+B2,,1745.0
Al0.5 Mo0.5 Nb1 Ta0.5 Ti1 Zr1,OTHER,7.6,other,BCC+B2,,579.0
Al0.5 Mo0.5 Nb1 Ta0.5 Ti1 Zr1,OTHER,7.6,other,BCC+B2,,2350.0
Al1 Mo0.5 Nb1 Ta0.5 Ti1 Zr1,OTHER,7.1,other,BCC+B2,,2197.0
Al1 Mo0.5 Nb1 Ta0.5 Ti1 Zr0.5,OTHER,7.2,other,B2,,935.0
Al1 Mo0.5 Nb1 Ta0.5 Ti1 Zr0.5,OTHER,7.2,other,B2,,
Al1 Nb1 Ta0.5 Ti1 Zr0.5,OTHER,6.9,other,B2,,535.0
Al1 Nb1 Ta0.5 Ti1 Zr0.5,OTHER,6.9,other,B2,,1352.0
Hf1 Nb1 Si0.5 Ti1 V1 Zr1,ANNEAL,7.5,other,BCC+Laves+Sec.,,1273.0
Hf1 Nb1 Si0.5 Ti1 V1 Zr1,ANNEAL,7.5,other,BCC+Laves+Sec.,,597.0
Hf1 Nb1 Si0.5 Ti1 V1 Zr1,ANNEAL,7.5,other,BCC+Laves+Sec.,,102.0
Hf1 Nb1 Si0.5 Ti1 V1 Zr1,ANNEAL,7.5,other,BCC+Laves+Sec.,,1483.0
Hf1 Nb1 Si0.5 Ti1 V1 Zr1,CAST,7.5,other,BCC+Laves+Sec.,,920.0
Hf1 Nb1 Si0.5 Ti1 V1 Zr1,CAST,7.5,other,BCC+Laves+Sec.,,371.0
Hf1 Nb1 Si0.5 Ti1 V1 Zr1,CAST,7.5,other,BCC+Laves+Sec.,,1540.0
Hf1 Nb1 Ta1 Ti1 Zr1,OTHER,9.9,BCC,BCC,420.0,1900.0
Hf1 Nb1 Ta1 Ti1 Zr1,OTHER,9.9,other,BCC+HCP,530.0,1520.0
Hf1 Nb1 Ta1 Ti1 Zr1,OTHER,9.9,other,BCC+BCC+HCP,340.0,795.0
Hf1 Nb1 Ta1 Ti1 Zr1,WROUGHT,9.9,BCC,BCC,309.0,830.0
Hf1 Nb1 Ta1 Ti1 Zr1,WROUGHT,9.9,BCC,BCC,366.0,1202.0
Hf1 Nb1 Ta1 Ti1 Zr1,WROUGHT,9.9,other,BCC+BCC,,1303.0
Hf1 Nb1 Ta1 Ti1 Zr1,WROUGHT,9.9,BCC,BCC,351.0,1145.0
Hf1 Nb1 Ta1 Ti1 Zr1,WROUGHT,9.9,BCC,BCC,,958.0
Hf1 Nb1 Ta1 Ti1 Zr1,WROUGHT,9.9,BCC,BCC,,944.0
Hf1 Nb1 Ta1 Ti1 Zr1,WROUGHT,9.9,BCC,BCC,,940.0
Hf1 Nb1 Ta1 Ti1 Zr1,WROUGHT,9.9,BCC,BCC,,940.0
Hf1 Nb1 Ta1 Ti1 Zr1,CAST,9.9,BCC,BCC,,905.0
Hf1 Nb1 Ta1 Ti1 Zr1,CAST,9.9,BCC,BCC,,890.0
Hf1 Nb1 Ta1 Ti1 Zr1,CAST,9.9,BCC,BCC,,828.0
Hf1 Nb1 Ta1 Ti1 Zr1,CAST,9.9,BCC,BCC,,827.0
Hf1 Nb1 Ta1 Ti1 Zr1,CAST,9.9,BCC,BCC,,820.0
Hf1 Nb1 Ta1 Ti1 Zr1,CAST,9.9,BCC,BCC,,803.0
Al0.2 Mo1 Ta1 Ti1 V1,CAST,9.3,BCC,BCC,,1021.0
Al0.6 Mo1 Ta1 Ti1 V1,CAST,8.7,BCC,BCC,,962.0
Al1 Mo1 Ta1 Ti1 V1,CAST,8.2,BCC,BCC,,
Mo1 Ta1 Ti1 V1,CAST,9.6,BCC,BCC,,1221.0
Hf1 Nb1 Ta1 Zr1,ANNEAL,11.1,other,BCC+HCP,571.0,2310.0
Hf1 Nb1 Ta1 Zr1,ANNEAL,11.1,other,BCC+HCP,536.0,2100.0
Hf1 Nb1 Ta1 Zr1,ANNEAL,11.1,other,BCC+HCP,,2020.0
Hf1 Nb1 Ta1 Zr1,ANNEAL,11.1,other,BCC+HCP,550.0,1950.0
Hf1 Nb1 Ta1 Zr1,CAST,11.1,BCC,BCC,365.0,1315.0
Hf1 Ta0.4 Ti1 Zr1,CAST,9.2,other,BCC+HCP,,400.0
Hf1 Ta0.5 Ti1 Zr1,CAST,9.4,other,BCC+HCP,,700.0
Hf1 Ta0.6 Ti1 Zr1,CAST,9.6,other,BCC+HCP,,800.0
Hf1 Ta1 Ti1 Zr1,CAST,10.2,BCC,BCC,,1500.0
Mo1 Nb1 Ta1 Ti0.25 W1,CAST,13.1,BCC,BCC,478.3,1109.0
Mo1 Nb1 Ta1 Ti0.5 W1,CAST,12.6,BCC,BCC,481.2,1211.0
Mo1 Nb1 Ta1 Ti0.75 W1,CAST,12.2,BCC,BCC,495.6,1304.0
Mo1 Nb1 Ta1 Ti1 W1,CAST,11.8,BCC,BCC,507.5,1455.0
Mo1 Nb1 Ta1 W1,CAST,13.7,BCC,BCC,,996.0
Mo1 Nb1 Ta1 Ti1 V1,CAST,9.4,BCC,BCC,,1400.0
Mo1 Nb1 Ta1 Ti1 V1 W1,CAST,11.0,BCC,BCC,,973.0
Mo1 Nb1 Ta1 Ti1 V1 W1,CAST,11.0,BCC,BCC,,791.3
Mo1 Nb1 Ta1 Ti1 V1 W1,CAST,11.0,BCC,BCC,,752.8
Mo1 Nb1 Ta1 Ti1 V1 W1,CAST,11.0,BCC,BCC,,659.0
Mo1 Nb1 Ta1 Ti1 V1 W1,CAST,11.0,BCC,BCC,,1515.0
Mo1 Nb1 Ta1 Ti1 W1,CAST,11.8,BCC,BCC,,689.0
Mo1 Nb1 Ta1 Ti1 W1,CAST,11.8,BCC,BCC,,674.0
Mo1 Nb1 Ta1 Ti1 W1,CAST,11.8,BCC,BCC,,620.0
Mo1 Nb1 Ta1 Ti1 W1,CAST,11.8,BCC,BCC,,586.0
Mo1 Nb1 Ta1 Ti1 W1,CAST,11.8,BCC,BCC,,1343.0
Mo1 Nb1 Ta1 Ti1 Zr1,CAST,9.1,other,BCC+BCC,,1390.0
Mo1 Nb1 Ta1 Ti1 Zr1,ANNEAL,9.1,other,BCC+BCC,,1100.0
Mo1 Nb1 Ta1 Ti1 Zr1,CAST,9.1,other,BCC+BCC,,1375.0
Mo1 Nb1 Ta1 V1 W1,POWDER,12.4,BCC,BCC,,2612.0
Nb1 Ta1 Ti1 V1,CAST,9.2,BCC,BCC,,965.0
Nb1 Ta1 Ti1 V1 W1,CAST,11.1,BCC,BCC,,1420.0
Nb1 Ta1 V1 W1,CAST,12.9,BCC,BCC,,1530.0
Al0.25 Cr0.5 Nb0.5 Ti1 V0.25,ANNEAL,5.8,other,BCC+Laves,,930.0
Al0.25 Cr0.5 Nb0.5 Ti1 V0.25,ANNEAL,5.8,other,BCC+Laves,,445.0
Al0.25 Cr0.5 Nb0.5 Ti1 V0.25,ANNEAL,5.8,other,BCC+Laves,,90.0
Al0.25 Cr0.5 Nb0.5 Ti1 V0.25,ANNEAL,5.8,other,BCC+Laves,,1340.0
Al0.25 Cr0.5 Nb0.5 Ti1 V0.25,CAST,5.8,BCC,BCC,,1240.0
Al1 Cr0.5 Nb1 Ti1 V1,ANNEAL,5.6,BCC,BCC,,1005.0
Al1 Cr0.5 Nb1 Ti1 V1,ANNEAL,5.6,BCC,BCC,,640.0
Al1 Cr0.5 Nb1 Ti1 V1,ANNEAL,5.6,BCC,BCC,,40.0
Al1 Cr0.5 Nb1 Ti1 V1,ANNEAL,5.6,BCC,BCC,,1300.0
Al0.667 Cr1 Nb0.667 Ti0.667 V0.667,ANNEAL,5.9,other,BCC+Laves,,1370.0
Al0.667 Cr1 Nb0.667 Ti0.667 V0.667,ANNEAL,5.9,other,BCC+Laves,,970.0
Al0.667 Cr1 Nb0.667 Ti0.667 V0.667,ANNEAL,5.9,other,BCC+Laves,,75.0
Al0.667 Cr1 Nb0.667 Ti0.667 V0.667,ANNEAL,5.9,other,BCC+Laves,,1700.0
Al1 Cr1 Nb1 Ti1 V1,ANNEAL,5.8,other,BCC+Laves,,1015.0
Al1 Cr1 Nb1 Ti1 V1,ANNEAL,5.8,other,BCC+Laves,,860.0
Al1 Cr1 Nb1 Ti1 V1,ANNEAL,5.8,other,BCC+Laves,,65.0
Al1 Cr1 Nb1 Ti1 V1,ANNEAL,5.8,other,BCC+Laves,,1550.0
Al1 Nb1 Ti1 V1,ANNEAL,5.5,BCC,BCC,,780.0
Al1 Nb1 Ti1 V1,ANNEAL,5.5,BCC,BCC,,560.0
Al1 Nb1 Ti1 V1,ANNEAL,5.5,BCC,BCC,,110.0
Al1 Nb1 Ti1 V1,ANNEAL,5.5,BCC,BCC,,1000.0
Al0.3 Co1 Cr1 Fe1 Ni1,WROUGHT,7.6,other,FCC+B2+Sec.,,900.0
Cr0.5 Fe1 Mn0.625 Ni0.375,CAST,7.8,other,FCC+BCC,,219.0
Al0.05 Cr0.5 Fe1 Mn0.625 Ni0.375,CAST,7.6,other,FCC+BCC,,354.0
Al0.15 Cr0.5 Fe1 Mn0.625 Ni0.375,CAST,7.4,other,FCC+BCC,,550.0
Al0.25 Cr0.5 Fe1 Mn0.625 Ni0.375,CAST,7.2,other,B2+BCC,,994.0
Al0.35 Cr0.5 Fe1 Mn0.625 Ni0.375,CAST,6.9,other,B2+BCC,,942.0
Cr0.5 Fe1 Mn0.625 Ni0.375,CAST,7.8,other,FCC+BCC,,132.0
Al0.05 Cr0.5 Fe1 Mn0.625 Ni0.375,CAST,7.6,other,FCC+BCC,,260.0
Al0.15 Cr0.5 Fe1 Mn0.625 Ni0.375,CAST,7.4,other,FCC+BCC,,469.0
Al0.25 Cr0.5 Fe1 Mn0.625 Ni0.375,CAST,7.2,other,B2+BCC,,943.0
Al0.35 Cr0.5 Fe1 Mn0.625 Ni0.375,CAST,6.9,other,B2+BCC,,833.0
Cr0.5 Fe1 Mn0.625 Ni0.375,CAST,7.8,other,FCC+BCC,,115.0
Al0.05 Cr0.5 Fe1 Mn0.625 Ni0.375,CAST,7.6,other,FCC+BCC,,155.0
Al0.15 Cr0.5 Fe1 Mn0.625 Ni0.375,CAST,7.4,other,FCC+BCC,,272.0
Al0.25 Cr0.5 Fe1 Mn0.625 Ni0.375,CAST,7.2,other,B2+BCC,,359.0
Al0.35 Cr0.5 Fe1 Mn0.625 Ni0.375,CAST,6.9,other,B2+BCC,,326.0
Co1 Cr1 Fe1 Mn1 Ni1,WROUGHT,8.0,FCC,FCC,,370.0
Co0.2 Cr0.2 Fe1 Mn0.6,ANNEAL,7.8,other,FCC+HCP,,250.0
Co0.2 Cr0.2 Fe1 Mn0.6,WROUGHT,7.8,other,FCC+HCP,,330.0
Co0.2 Cr0.2 Fe1 Mn0.6,WROUGHT,7.8,other,FCC+HCP,,280.0
Co0.2 Cr0.2 Fe1 Mn0.6,WROUGHT,7.8,other,FCC+HCP,,350.0
Co0.2 Cr0.2 Fe1 Mn0.6,WROUGHT,7.8,other,FCC+HCP,,298.0
Co0.2 Cr0.2 Fe1 Mn0.6,WROUGHT,7.8,other,FCC+HCP,,400.0
Al0.304 Co1 Cr1 Fe1 Ni1,WROUGHT,7.6,other,FCC+BCC,,
Al0.304 Co1 Cr1 Fe1 Ni1,WROUGHT,7.6,FCC,FCC,,
Al0.304 Co1 Cr1 Fe1 Ni1,WROUGHT,7.6,other,FCC+L12,,
Al0.304 Co1 Cr1 Fe1 Ni1,WROUGHT,7.6,other,FCC+L12,,
Al0.304 Co1 Cr1 Fe1 Ni1,WROUGHT,7.6,FCC,FCC,,159.0
Al0.304 Co1 Cr1 Fe1 Ni1,WROUGHT,7.6,other,FCC+B2,,215.0
Al0.304 Co1 Cr1 Fe1 Ni1,WROUGHT,7.6,other,FCC+L12,,285.0
Al0.304 Co1 Cr1 Fe1 Ni1,WROUGHT,7.6,FCC,FCC,,263.0
Al0.304 Co1 Cr1 Fe1 Ni1,WROUGHT,7.6,other,FCC+L12+B2,,490.0
Al0.304 Co1 Cr1 Fe1 Ni1,ANNEAL,7.6,other,FCC+BCC,,
Al0.304 Co1 Cr1 Fe1 Ni1,CAST,7.6,other,FCC+L12,,175.0
Al0.304 Co1 Cr1 Fe1 Ni1,ANNEAL,7.6,other,FCC+L12,,305.0
Al0.304 Co1 Cr1 Fe1 Ni1,ANNEAL,7.6,other,FCC+B2,,280.0
Al0.304 Co1 Cr1 Fe1 Ni1,ANNEAL,7.6,FCC,FCC,,
Al0.304 Co1 Cr1 Fe1 Ni1,ANNEAL,7.6,FCC,FCC,,
Al0.304 Co1 Cr1 Fe1 Ni1,ANNEAL,7.6,other,FCC+B2,,
Al1 Co1 Cr1 Fe1 Ni1,CAST,6.7,other,BCC+B2,,395.0
Al1 Co1 Cr1 Fe1 Ni1,CAST,6.7,other,BCC+B2,,1380.0
Al1 Co1 Cr1 Fe1 Ni1,ANNEAL,6.7,other,BCC+B2+FCC+Sec.,,1430.0
Al1 Co1 Cr1 Fe1 Ni1,ANNEAL,6.7,other,BCC+B2+FCC,,1690.0
Al1 Co1 Cr1 Fe1 Ni1,ANNEAL,6.7,other,BCC+B2+FCC,,1220.0
Al1 Co1 Cr1 Fe1 Ni1,ANNEAL,6.7,other,BCC+B2+FCC,,1450.0
Al1 Co1 Cr1 Fe1 Ni1,ANNEAL,6.7,other,FCC+BCC,,900.0
Al0.515 Cr0.515 Fe1 Ni1,CAST,6.9,other,FCC+BCC+B2,,796.0
Al0.343 Co0.514 Cr0.514 Fe1 Ni0.514,CAST,7.2,other,BCC+B2,,866.0
Co1 Cr0.429 Fe0.571 Mo0.286 Ni0.571,CAST,8.6,FCC,FCC,,350.0
Co1 Cr0.429 Fe0.571 Mo0.286 Ni0.571,WROUGHT,8.6,other,FCC+Sec.,,1311.0
Co1 Cr0.429 Fe0.571 Mo0.286 Ni0.571,WROUGHT,8.6,other,FCC+Sec.,,1212.0
Co1 Cr0.429 Fe0.571 Mo0.286 Ni0.571,WROUGHT,8.6,other,FCC+Sec.,,1028.0
Co1 Cr0.429 Fe0.571 Mo0.286 Ni0.571,WROUGHT,8.6,other,FCC+Sec.,,879.0
Co1 Cr0.429 Fe0.571 Mo0.286 Ni0.571,WROUGHT,8.6,other,FCC+Sec.,,799.0
Co1 Cr0.429 Fe0.571 Mo0.286 Ni0.571,WROUGHT,8.6,FCC,FCC,,350.0
Co1 Cr1 Fe1 Ni1,CAST,8.2,FCC,FCC,,155.0
Co1 Cr1 Fe1 Mo0.304 Ni1,CAST,8.4,other,FCC+Sec.,,305.3
Co1 Cr1 Fe1 Mo0.304 Ni1,WROUGHT,8.4,other,FCC+Sec.,,815.5
Co1 Cr1 Fe1 Mo0.304 Ni1,WROUGHT,8.4,other,FCC+Sec.,,646.7
Co1 Cr1 Fe1 Mo0.304 Ni1,WROUGHT,8.4,other,FCC+Sec.,,683.7
Co1 Cr1 Fe1 Mn1 Ni1,WROUGHT,8.0,FCC,FCC,,243.0
C0.02 Co1 Cr1 Fe1 Mn1 Ni1,WROUGHT,8.0,other,FCC+Sec.,,446.0
Co1 Cr1 Fe1 Mn1 Ni1,WROUGHT,8.0,FCC,FCC,,249.0
C0.02 Co1 Cr1 Fe1 Mn1 Ni1,WROUGHT,8.0,other,FCC+Sec.,,581.0
Co1 Cr1 Fe1 Ni1,ANNEAL,8.2,FCC,FCC,,190.0
Al0.167 Co1 Cr1 Fe1 Ni1 Ti0.083,ANNEAL,7.8,FCC,FCC,,210.0
Al0.167 Co1 Cr1 Fe1 Ni1 Ti0.083,WROUGHT,7.8,other,FCC+L12+Sec.,,645.0
Al0.167 Co1 Cr1 Fe1 Ni1 Ti0.083,WROUGHT,7.8,other,FCC+L12+Sec.,,1005.0
Al0.278 Co0.694 Cr0.222 Fe0.417 Ni1 Ti0.167,ANNEAL,7.4,other,FCC+L12+Sec.,345.0,568.0
Al0.278 Co0.694 Cr0.222 Fe0.417 Ni1 Ti0.167,ANNEAL,7.4,other,FCC+L12+Sec.,345.0,596.0
Al0.278 Co0.694 Cr0.222 Fe0.417 Ni1 Ti0.167,ANNEAL,7.4,other,FCC+L12+Sec.,345.0,487.0
Al0.278 Co0.694 Cr0.222 Fe0.417 Ni1 Ti0.167,ANNEAL,7.4,other,FCC+L12+Sec.,345.0,486.0
Al0.885 Cr1 Fe1 Ni1,CAST,6.4,other,BCC+B2,,770.0
Al1 Cr1 Fe1 Ni1,CAST,6.3,other,BCC+B2,,843.2
Al1 Cr0.889 Fe0.889 Ni0.889,CAST,6.1,other,BCC+B2,,1044.0
Al1 Cr0.828 Fe0.828 Ni0.828,CAST,6.0,other,BCC+B2,,906.8
Al1 Cr0.767 Fe0.767 Ni0.767,CAST,5.9,other,BCC+B2,,1122.8
Al0.5 Cr0.5 Fe1 Ni1,CAST,6.9,other,BCC+B2,,
Al1 Co1 Cr1 Fe1 Ni1,CAST,6.7,other,BCC+B2,,
Al0.545 Cr0.545 Fe0.515 Ni1 Ti0.273,CAST,6.4,other,BCC+B2+L12,,
Al0.545 Cr0.545 Fe0.515 Ni1 Ti0.273,ANNEAL,6.4,other,BCC+B2+L12,,
Cr1 Fe1 Ni1 V0.5 W1,CAST,10.9,other,FCC+BCC+Sec.,,
Al0.515 Cr0.515 Cu0.515 Fe0.515 Ni1,CAST,7.1,other,FCC+BCC+B2,,
Co1 Cr1 Fe1 Mn1 Ni1,ANNEAL,8.0,FCC,FCC,,230.0
Co1 Cr1 Fe1 Mn1 Ni1 V0.263,ANNEAL,7.9,other,FCC+Sec.,,200.0
Co1 Cr1 Fe1 Mn1 Ni1 V0.5,ANNEAL,7.8,other,FCC+Sec.,,620.0
Co1 Cr1 Fe1 Mn1 Ni1 V0.765,ANNEAL,7.7,other,FCC+Sec.,,780.0
Co1 Cr1 Fe1 Mn1 Ni1 V1,ANNEAL,7.7,other,FCC+Sec.,,1700.0
Al0.304 Co1 Cr1 Fe1 Ni1,CAST,7.6,FCC,FCC,,
Co1 Cr1 Fe1 Ni1,CAST,8.2,FCC,FCC,,
Al0.511 Co0.511 Cr0.511 Fe0.511 Ni1,CAST,7.0,other,FCC+B2,,545.0
Al0.465 Co0.465 Cr0.465 Fe0.465 Ni1,CAST,7.1,other,FCC+B2,,545.0
Al0.451 Co0.451 Cr0.451 Fe0.451 Ni1,CAST,7.1,other,FCC+B2,,545.0
Al0.108 Co0.514 Cr0.514 Cu0.108 Fe0.514 Ni1,WROUGHT,8.0,FCC,FCC,,719.0
Al0.108 Co0.514 Cr0.514 Cu0.108 Fe0.514 Ni1,WROUGHT,8.0,other,FCC+L12,,460.0
Al0.242 Co0.515 Cr0.515 Cu0.242 Fe0.515 Ni1,CAST,7.7,other,Other,,357.0
Al0.242 Co0.515 Cr0.515 Cu0.242 Fe0.515 Ni1,ANNEAL,7.7,other,Other,,365.0
Al0.242 Co0.515 Cr0.515 Cu0.242 Fe0.515 Ni1,ANNEAL,7.7,other,FCC+L12,,215.0
Al0.5 Co1 Cr1 Cu1 Fe1 Ni1,WROUGHT,7.6,other,Other,,1284.0
Al0.5 Co1 Cr1 Cu1 Fe1 Ni1,WROUGHT,7.6,FCC,FCC,,1290.0
Al0.5 Co1 Cr1 Cu1 Fe1 Ni1,WROUGHT,7.6,other,Other,,650.0
Al1 Co1 Cr1 Cu1 Fe1 Ni1,CAST,7.1,other,BCC+Sec.,,790.0
Al1 Co1 Cr1 Cu1 Fe1 Ni1,WROUGHT,7.1,other,BCC+Sec.,,1040.0
Al1 Co1 Cr1 Fe1 Ni1,CAST,6.7,other,BCC+B2,,395.0
Al1 Co1 Cr1 Fe1 Ni1,OTHER,6.7,other,BCC+B2+FCC+Sec.,,295.0
Al1 Co1 Cr1 Cu1 Fe1 Ni1,CAST,7.1,other,BCC+Sec.,,350.0
Al1 Co1 Cr1 Cu1 Fe1 Ni1,WROUGHT,7.1,other,BCC+Sec.,,63.0
Al0.5 Co1 Cr1 Cu1 Fe1 Ni1,WROUGHT,7.6,FCC,FCC,,180.0
Al0.5 Co1 Cr1 Cu1 Fe1 Ni1,WROUGHT,7.6,other,Other,,160.0
Co1 Cr1 Fe1 Ni1 Ti0.2,WROUGHT,7.9,FCC,FCC,,700.0
Co1 Cr1 Fe1 Ni1 Ti0.2,WROUGHT,7.9,FCC,FCC,,860.0
Al0.1 Co1 Cr1 Fe1 Ni1,WROUGHT,8.0,FCC,FCC,,1198.0
Al0.1 Co1 Cr1 Fe1 Ni1,WROUGHT,8.0,FCC,FCC,,1403.0
Al0.1 Co1 Cr1 Fe1 Ni1,WROUGHT,8.0,FCC,FCC,,711.0
Al0.1 Co1 Cr1 Fe1 Ni1,WROUGHT,8.0,FCC,FCC,,356.0
Co1 Cr1 Fe1 Mn1 Ni1,WROUGHT,8.0,FCC,FCC,,1120.0
Co1 Cr1 Fe1 Mn1 Ni1,WROUGHT,8.0,FCC,FCC,,1692.0
Al0.5 Cr0.5 Fe0.5 Ni1,CAST,6.7,other,FCC+BCC+B2,,774.0
Al0.429 Cr0.476 Fe0.476 Ni1,CAST,6.9,other,FCC+BCC+B2,,610.0
Al0.364 Cr0.455 Fe0.455 Ni1,CAST,7.0,other,FCC+BCC+B2,,479.0
Al0.304 Cr0.435 Fe0.435 Ni1,CAST,7.2,other,FCC+BCC+B2,,461.0
Al0.25 Cr0.417 Fe0.417 Ni1,CAST,7.3,FCC,FCC,,441.0
Co1 Cr1 Ni1,WROUGHT,8.3,FCC,FCC,468.0,1100.0
Co1 Cr1 Ni1,WROUGHT,8.3,FCC,FCC,326.0,597.0
Co1 Cr1 Ni1,WROUGHT,8.3,FCC,FCC,223.0,346.0
Al0.476 Co0.476 Cr0.476 Fe0.476 Ni1,WROUGHT,7.1,other,FCC+B2,,1263.0
Al0.476 Co0.476 Cr0.476 Fe0.476 Ni1,WROUGHT,7.1,other,FCC+B2,,1154.0
Al0.476 Co0.476 Cr0.476 Fe0.476 Ni1,WROUGHT,7.1,other,FCC+B2,,1490.0
Co1 Cr1 Fe1 Mn1 Ni1,CAST,8.0,FCC,FCC,130.2,210.0
Co1 Cr1 Fe1 Mn1 Ni1,WROUGHT,8.0,FCC,FCC,394.1,1150.0
Co1 Cr1 Fe1 Mn1 Ni1,WROUGHT,8.0,FCC,FCC,430.7,1300.0
Nb1 Ta1 Ti1 V1,POWDER,9.2,BCC,BCC,427.9,1108.0
Nb1 Ta1 Ti1 V1,POWDER,9.2,BCC,BCC,444.3,1308.0
Nb1 Ta1 Ti1 V1,POWDER,9.2,BCC,BCC,510.9,1373.0
Co1 Cr1 Fe1 Mn1 Ni1,WROUGHT,8.0,FCC,FCC,,300.0
Co1 Cr1 Fe1 Mn1 Ni1,WROUGHT,8.0,FCC,FCC,,800.0
Co1 Cr1 Fe1 Mn1 Ni1,CAST,8.0,other,FCC+BCC,415.0,1314.0
Al0.1 Co1 Cr1 Fe1 Mn1 Ni1,CAST,7.9,other,FCC+BCC,432.0,1631.0
Al0.3 Co1 Cr1 Fe1 Mn1 Ni1,CAST,7.6,other,FCC+BCC,511.0,1836.0
Al0.5 Co1 Cr1 Fe1 Mn1 Ni1,CAST,7.4,other,FCC+BCC,553.0,1932.0
Al0.7 Co1 Cr1 Fe1 Mn1 Ni1,CAST,7.1,other,FCC+BCC,622.0,2230.0
Al1 Co1 Cr1 Fe1 Mn1 Ni1,CAST,6.8,other,FCC+BCC,684.0,
Co1 Cr1 Fe1 Ni1,WROUGHT,8.2,FCC,FCC,,446.0
Co1 Cr1 Fe1 Ni1,WROUGHT,8.2,FCC,FCC,,488.0
Co1 Cr1 Fe1 Ni1,WROUGHT,8.2,FCC,FCC,,590.0
Co1 Cr1 Fe1 Ni1,WROUGHT,8.2,FCC,FCC,,
Co1 Cr1 Fe1 Ni1,WROUGHT,8.2,FCC,FCC,,
Co1 Cr1 Fe1 Ni1,WROUGHT,8.2,FCC,FCC,,680.0
Co1 Cr1 Fe1 Ni1,CAST,8.2,FCC,FCC,94.7,
Al0.3 Co1 Cr1 Fe1 Ni1,CAST,7.6,FCC,FCC,117.0,
Al0.6 Co1 Cr1 Fe1 Ni1,CAST,7.2,other,FCC+BCC+B2,228.0,
Al0.9 Co1 Cr1 Fe1 Ni1,CAST,6.8,other,FCC+BCC+B2,511.0,
Al0.9 Co1 Cr1 Fe1 Ni1 Ti0.5,CAST,6.5,other,BCC+B2+Sec.,623.0,
Co1 Cr1 Fe1 Mn1 Ni1,CAST,8.0,FCC,FCC,,216.0
Co1 Cr1 Fe1 Mn1 Mo0.042 Ni1,CAST,8.1,FCC,FCC,,225.0
Co1 Cr1 Fe1 Mn1 Mo0.087 Ni1,CAST,8.1,other,FCC+Sec.,,330.0
Co1 Cr1 Fe1 Mn1 Mo0.136 Ni1,CAST,8.1,other,FCC+Sec.,,560.0
Co1 Cr1 Fe1 Mn1 Mo0.19 Ni1,CAST,8.1,other,FCC+Sec.,,765.0
Al0.3 Co1 Cr1 Fe1 Ni1,WROUGHT,7.6,other,FCC+L12,,143.0
Al0.3 Co1 Cr1 Fe1 Ni1,WROUGHT,7.6,other,FCC+L12,,471.0
Al0.3 Co1 Cr1 Fe1 Ni1,WROUGHT,7.6,other,FCC+B2+Sec.,,841.0
Al0.3 Co1 Cr1 Fe1 Ni1,WROUGHT,7.6,other,FCC+BCC+B2+Sec.,,161.0
Al0.3 Co1 Cr1 Fe1 Ni1,WROUGHT,7.6,other,FCC+BCC+B2+Sec.,,187.0
Al1 Co1 Cr1 Ni1,CAST,6.4,other,BCC+B2,1183.0,1750.0
Co1 Cr1 Fe1 Mn1 Ni1,WROUGHT,8.0,FCC,FCC,,378.7
C0.5 Co1 Cr1 Fe1 Mn1 Ni1,WROUGHT,7.6,FCC,FCC,,520.9
C1 Co1 Cr1 Fe1 Mn1 Ni1,WROUGHT,7.3,FCC,FCC,,643.8
Co1 Cr0.588 Fe0.176 Mo0.176 Ni1,WROUGHT,8.6,FCC,FCC,,
Co1 Cr0.588 Fe0.176 Mo0.176 Ni1,WROUGHT,8.6,FCC,FCC,,
Co1 Cr0.588 Fe0.176 Mo0.176 Ni1,WROUGHT,8.6,FCC,FCC,,1100.0
Co1 Cr0.588 Fe0.176 Mo0.176 Ni1,WROUGHT,8.6,FCC,FCC,,950.0
Co1 Cr0.588 Fe0.176 Mo0.176 Ni1,WROUGHT,8.6,FCC,FCC,,649.0
Co1 Cr0.588 Fe0.176 Mo0.176 Ni1,WROUGHT,8.6,FCC,FCC,,439.0
Co1 Cr0.588 Fe0.176 Mo0.176 Ni1,WROUGHT,8.6,FCC,FCC,,309.0
Co1 Cr1 Fe1 Mn1 Ni1,WROUGHT,8.0,FCC,FCC,,386.2
Cr1 Cu1 Fe1 Mn1 Ni1,CAST,8.1,other,Other,,628.0
Cr1 Cu1 Fe1 Mn1 Ni1,ANNEAL,8.1,other,Other,,545.0
Cr1 Cu1 Fe1 Mn1 Ni1,ANNEAL,8.1,other,Other,,534.0
Cr1 Cu1 Fe1 Mn1 Ni1,ANNEAL,8.1,other,Other,,525.0
Cr1 Cu1 Fe1 Mn1 Ni1,ANNEAL,8.1,other,Other,,517.0
Cr1 Cu1 Fe1 Mn1 Ni1,ANNEAL,8.1,other,Other,,502.0
Cr1 Mo1 Nb1 Ta1 V1 W1,POWDER,11.7,other,BCC+Laves+Sec.,1072.0,
Cr1 Mo1 Nb1 Ta1 V1 W1,POWDER,11.7,other,BCC+Laves+Sec.,1010.0,3416.0
Cr1 Mo1 Nb1 Ta1 V1 W1,POWDER,11.7,other,BCC+Laves+Sec.,991.3,3410.0
Cr1 Mo1 Nb1 Ta1 V1 W1,POWDER,11.7,other,BCC+Laves+Sec.,988.3,3338.0
Co1 Cr1 Cu1 Fe1 Ni1,CAST,8.3,other,FCC+B2,160.0,
Al0.5 Co1 Cr1 Cu1 Fe1 Ni1,CAST,7.6,FCC,FCC,160.0,
Al1 Co1 Cr1 Cu1 Fe1 Ni1,CAST,7.1,other,FCC+BCC,458.0,
Al1 Co0.667 Cr0.667 Cu0.667 Fe0.667 Ni0.667,CAST,6.6,other,FCC+BCC,498.0,
Al1 Co0.5 Cr0.5 Cu0.5 Fe0.5 Ni0.5,CAST,6.3,other,FCC+BCC,560.0,
Al0.3 Co1 Cr1 Fe1 Ni1,WROUGHT,7.6,other,FCC+B2+Sec.,,840.0
Al0.3 Co1 Cr1 Fe1 Ni1,WROUGHT,7.6,FCC,FCC,,159.0
Al0.544 C0.001 Co0.69 Fe1 Ni0.69,CAST,7.0,other,B2+L12,,1202.0
Hf1 Nb1 Ta1 Ti1 Zr1,WROUGHT,9.9,BCC,BCC,,
Co0.5 Cr0.5 Fe1 Ni1,WROUGHT,8.2,FCC,FCC,,214.0
Co0.875 Cr0.625 Fe1 Ni1,WROUGHT,8.3,FCC,FCC,,241.0
Co1 Cr0.556 Fe0.667 Ni0.667,WROUGHT,8.3,FCC,FCC,,299.0
Co1 Cr0.455 Fe0.364 Ni0.364,WROUGHT,8.3,other,FCC+HCP,,392.0
Co1 Cr0.385 Fe0.154 Ni0.154,WROUGHT,8.4,other,FCC+HCP,,482.0
Hf1 Nb1 Ti1 Zr1,WROUGHT,8.4,BCC,BCC,,
Co0.986 Cr0.952 Fe0.933 Mn0.914 Ni1,WROUGHT,8.0,BCC,BCC,,1290.0
Co0.986 Cr0.952 Fe0.933 Mn0.914 Ni1,WROUGHT,8.0,other,FCC+BCC+Sec.,,1135.0
Co0.986 Cr0.952 Fe0.933 Mn0.914 Ni1,WROUGHT,8.0,other,FCC+BCC+Sec.,,585.0
Co0.986 Cr0.952 Fe0.933 Mn0.914 Ni1,WROUGHT,8.0,other,FCC+Sec.,,425.0
Co0.986 Cr0.952 Fe0.933 Mn0.914 Ni1,WROUGHT,8.0,FCC,FCC,,270.0
Al0.4 Hf0.6 Nb1 Ta1 Ti1 Zr1,OTHER,9.1,BCC,BCC,,1841.0
Al1 Cr1 Mo1 Ti1,ANNEAL,6.0,BCC,BCC,,1100.0
Al1 Mo1 Nb1 Ti1,ANNEAL,6.5,BCC,BCC,,1100.0
Hf1 Mo0.5 Nb1 Ti1 V0.5,CAST,9.0,BCC,BCC,,1260.0
Hf1 Mo1 Nb1 Ta1 Ti1 Zr1,CAST,9.9,BCC,BCC,,1512.0
Hf1 Mo1 Nb1 Ti1 Zr1,CAST,8.7,BCC,BCC,,1575.0
Hf1 Mo1 Ta1 Ti1 Zr1,CAST,10.2,BCC,BCC,,1600.0
Hf1 Nb1 Ta1 Ti1 Zr1,OTHER,9.9,BCC,BCC,,929.0
Mo1 Nb1 Ta1 Ti1 V1 W1,CAST,11.0,BCC,BCC,,1515.0
Mo1 Nb1 Ta1 Ti1 W1,CAST,11.8,BCC,BCC,,1343.0
Mo1 Nb1 Ta1 V1 W1,OTHER,12.4,BCC,BCC,,1246.0
Mo1 Nb1 Ta1 W1,OTHER,13.7,BCC,BCC,,996.0
Mo1 Nb1 Ti1,OTHER,7.7,BCC,BCC,,1100.0
Nb1 Ta0.3 Ti1 Zr1,OTHER,7.4,BCC,BCC,,882.0
Nb1 Ti1 Zr1,OTHER,6.5,BCC,BCC,,975.0
Al1 Cr1 Mo1 Nb1 Ti1,ANNEAL,6.6,other,BCC+Laves,,1010.0
Al0.24 Nb1 Ti1 V1 Zr1,OTHER,6.3,other,BCC+Laves,,1240.0
Al1 Mo0.5 Nb1 Ta0.5 Ti1 Zr1,OTHER,7.1,other,B2+BCC,,2000.0
Cr1 Nb0.333 Ti0.333 Zr0.333,OTHER,6.8,other,BCC+Laves,,1576.0
Cr1 Mo0.5 Nb1 Ta0.5 Ti1 Zr1,OTHER,8.0,other,BCC+BCC+Laves,,1595.0
Hf1 Mo0.5 Nb1 Si0.3 Ti1 V0.5,CAST,8.5,other,BCC+Sec.,,1617.0
Hf1 Mo0.5 Nb1 Si0.5 Ti1 V0.5,CAST,8.2,other,BCC+Sec.,,1787.0
Hf1 Mo0.5 Nb1 Si0.7 Ti1 V0.5,CAST,7.9,other,BCC+Sec.,,2134.0
Mo1 Nb1 Ti1 V1 Zr1,OTHER,7.1,other,BCC+Laves,,1706.0
Nb1 Re0.3 Ti1 Zr1,OTHER,7.5,other,BCC+Laves,,1244.0
Nb1 Ta1 Ti1 V1 Zr1,OTHER,8.5,other,BCC+BCC,,1395.0
Al0.4 Hf0.6 Nb1 Ta1 Ti1 Zr1,OTHER,9.1,BCC,BCC,,298.0
Al1 Cr1 Mo1 Ti1,ANNEAL,6.0,BCC,BCC,,375.0
Al1 Mo1 Nb1 Ti1,ANNEAL,6.5,BCC,BCC,,540.0
Hf1 Mo0.5 Nb1 Ti1 V0.5,CAST,9.0,BCC,BCC,,368.0
Hf1 Mo1 Nb1 Ta1 Ti1 Zr1,CAST,9.9,BCC,BCC,,814.0
Hf1 Mo1 Nb1 Ti1 Zr1,CAST,8.7,BCC,BCC,,635.0
Hf1 Mo1 Ta1 Ti1 Zr1,CAST,10.2,BCC,BCC,,855.0
Hf1 Nb1 Ta1 Ti1 Zr1,OTHER,9.9,BCC,BCC,,295.0
Mo1 Nb1 Ta1 Ti1 V1 W1,CAST,11.0,BCC,BCC,,753.0
Mo1 Nb1 Ta1 Ti1 W1,CAST,11.8,BCC,BCC,,620.0
Mo1 Nb1 Ta1 V1 W1,OTHER,12.4,BCC,BCC,,842.0
Mo1 Nb1 Ta1 W1,OTHER,13.7,BCC,BCC,,548.0
Mo1 Nb1 Ti1,OTHER,7.7,BCC,BCC,,504.0
Nb1 Ta0.3 Ti1 Zr1,OTHER,7.4,BCC,BCC,,274.0
Nb1 Ti1 Zr1,OTHER,6.5,BCC,BCC,,141.0
Al1 Cr1 Mo1 Nb1 Ti1,ANNEAL,6.6,other,BCC+Laves,,550.0
Al0.24 Nb1 Ti1 V1 Zr1,OTHER,6.3,other,BCC+Laves,,82.0
Al1 Mo0.5 Nb1 Ta0.5 Ti1 Zr1,OTHER,7.1,other,B2+BCC,,745.0
Cr1 Nb0.333 Ti0.333 Zr0.333,OTHER,6.8,other,BCC+Laves,,139.0
Cr1 Mo0.5 Nb1 Ta0.5 Ti1 Zr1,OTHER,8.0,other,BCC+BCC+Laves,,546.0
Hf1 Mo0.5 Nb1 Si0.3 Ti1 V0.5,CAST,8.5,other,BCC+Sec.,,398.0
Hf1 Mo0.5 Nb1 Si0.5 Ti1 V0.5,CAST,8.2,other,BCC+Sec.,,614.0
Hf1 Mo0.5 Nb1 Si0.7 Ti1 V0.5,CAST,7.9,other,BCC+Sec.,,673.0
Mo1 Nb1 Ti1 V1 Zr1,OTHER,7.1,other,BCC+Laves,,467.0
Nb1 Re0.3 Ti1 Zr1,OTHER,7.5,other,BCC+Laves,,323.0
Nb1 Ta1 Ti1 V1 Zr1,OTHER,8.5,other,BCC+BCC,,190.0
Al0.4 Hf0.6 Nb1 Ta1 Ti1 Zr1,OTHER,9.1,BCC,BCC,,89.0
Al1 Cr1 Mo1 Ti1,ANNEAL,6.0,BCC,BCC,,100.0
Al1 Mo1 Nb1 Ti1,ANNEAL,6.5,BCC,BCC,,200.0
Hf1 Mo0.5 Nb1 Ti1 V0.5,CAST,9.0,BCC,BCC,,60.0
Hf1 Mo1 Nb1 Ta1 Ti1 Zr1,CAST,9.9,BCC,BCC,,556.0
Hf1 Mo1 Nb1 Ti1 Zr1,CAST,8.7,BCC,BCC,,187.0
Hf1 Mo1 Ta1 Ti1 Zr1,CAST,10.2,BCC,BCC,,404.0
Hf1 Nb1 Ta1 Ti1 Zr1,OTHER,9.9,BCC,BCC,,92.0
Mo1 Nb1 Ta1 Ti1 V1 W1,CAST,11.0,BCC,BCC,,659.0
Mo1 Nb1 Ta1 Ti1 W1,CAST,11.8,BCC,BCC,,586.0
Mo1 Nb1 Ta1 V1 W1,OTHER,12.4,BCC,BCC,,735.0
Mo1 Nb1 Ta1 W1,OTHER,13.7,BCC,BCC,,506.0
Mo1 Nb1 Ti1,OTHER,7.7,BCC,BCC,,324.0
Nb1 Ta0.3 Ti1 Zr1,OTHER,7.4,BCC,BCC,,102.0
Nb1 Ti1 Zr1,OTHER,6.5,BCC,BCC,,61.0
Al1 Cr1 Mo1 Nb1 Ti1,ANNEAL,6.6,other,BCC+Laves,,105.0
Al0.24 Nb1 Ti1 V1 Zr1,OTHER,6.3,other,BCC+Laves,,24.0
Al1 Mo0.5 Nb1 Ta0.5 Ti1 Zr1,OTHER,7.1,other,B2+BCC,,250.0
Cr1 Nb0.333 Ti0.333 Zr0.333,OTHER,6.8,other,BCC+Laves,,32.0
Cr1 Mo0.5 Nb1 Ta0.5 Ti1 Zr1,OTHER,8.0,other,BCC+BCC+Laves,,170.0
Hf1 Mo0.5 Nb1 Si0.3 Ti1 V0.5,CAST,8.5,other,BCC+Sec.,,166.0
Hf1 Mo0.5 Nb1 Si0.5 Ti1 V0.5,CAST,8.2,other,BCC+Sec.,,188.0
Hf1 Mo0.5 Nb1 Si0.7 Ti1 V0.5,CAST,7.9,other,BCC+Sec.,,235.0
Mo1 Nb1 Ti1 V1 Zr1,OTHER,7.1,other,BCC+Laves,,116.0
Nb1 Re0.3 Ti1 Zr1,OTHER,7.5,other,BCC+Laves,,89.0
Nb1 Ta1 Ti1 V1 Zr1,OTHER,8.5,other,BCC+BCC,,78.0
Co1 Cr1 Fe1 Mn1 Ni1,WROUGHT,8.0,FCC,FCC,,293.1
Hf1 Nb1 Ta1 Ti1 Zr1,WROUGHT,9.9,BCC,BCC,,985.0
Hf1 Nb1 Ta1 Ti1 Zr1,WROUGHT,9.9,BCC,BCC,,972.0
Hf1 Nb1 Ta1 Ti1 Zr1,WROUGHT,9.9,BCC,BCC,,967.0
Co1 Fe1 Ni1,WROUGHT,8.5,FCC,FCC,,
Co1 Fe1 Ni1,WROUGHT,8.5,FCC,FCC,,276.0
Co1 Fe1 Ni1,WROUGHT,8.5,FCC,FCC,,217.0
Co1 Fe1 Ni1,WROUGHT,8.5,FCC,FCC,,201.0
Cr0.286 Mo0.476 Nb1 Ta0.024 Ti0.31 V0.286,POWDER,8.0,other,BCC+Sec.,741.0,2680.0
Hf1 Mo1 Nb1 Ti1 Zr1,CAST,8.7,BCC,BCC,,1719.0
Co1 Fe1 Ni1,WROUGHT,8.5,FCC,FCC,,
Co1 Cr0.053 Ni1,WROUGHT,8.8,FCC,FCC,,
Fe1 Mn1 Ni1,WROUGHT,8.1,FCC,FCC,,529.0
Fe1 Mn1 Ni1,WROUGHT,8.1,FCC,FCC,,522.0
Fe1 Mn1 Ni1,WROUGHT,8.1,FCC,FCC,,460.0
Fe1 Mn1 Ni1,WROUGHT,8.1,FCC,FCC,,407.0
Fe1 Mn1 Ni1,WROUGHT,8.1,FCC,FCC,,372.0
Fe1 Mn1 Ni1,WROUGHT,8.1,FCC,FCC,,322.0
Co1 Mn1 Ni1,WROUGHT,8.4,FCC,FCC,,333.0
Co1 Mn1 Ni1,WROUGHT,8.4,FCC,FCC,,601.0
Co1 Mn1 Ni1,WROUGHT,8.4,FCC,FCC,,321.0
Co1 Mn1 Ni1,WROUGHT,8.4,FCC,FCC,,267.0
Co1 Cr0.25 Ni1,WROUGHT,8.7,FCC,FCC,,745.0
Co1 Cr0.25 Ni1,WROUGHT,8.7,FCC,FCC,,623.0
Co1 Cr0.25 Ni1,WROUGHT,8.7,FCC,FCC,,387.0
Co1 Cr0.25 Ni1,WROUGHT,8.7,FCC,FCC,,330.0
Co1 Cr1 Fe1 Ni1,WROUGHT,8.2,FCC,FCC,,631.0
Co1 Cr1 Fe1 Ni1,WROUGHT,8.2,FCC,FCC,,494.0
Co1 Cr1 Fe1 Ni1,WROUGHT,8.2,FCC,FCC,,448.0
Co1 Cr1 Fe1 Ni1,WROUGHT,8.2,FCC,FCC,,273.0
Co1 Cr1 Fe1 Ni1,WROUGHT,8.2,FCC,FCC,,172.0
Co0.25 Cr1 Ni1,WROUGHT,8.1,FCC,FCC,,518.0
Co0.25 Cr1 Ni1,WROUGHT,8.1,FCC,FCC,,462.0
Co0.25 Cr1 Ni1,WROUGHT,8.1,FCC,FCC,,395.0
Co0.25 Cr1 Ni1,WROUGHT,8.1,FCC,FCC,,356.0
Al1 Co1 Ni1 Ti1,POWDER,5.7,other,BCC+B2,672.0,
Al1 Fe1 Ni1 Ti1,POWDER,5.5,other,BCC+B2,666.0,
Al1 Co1 Fe1 Ni1 Ti1,POWDER,6.1,other,BCC+B2,667.0,
Al1 Cr1 Cu1 Fe1 Ni1,POWDER,6.8,other,FCC+BCC+B2,434.0,
Al1 Cr1 Cu1 Fe1 Ni1,POWDER,6.8,other,FCC+BCC+B2,666.0,
Al1 Cr1 Cu1 Fe1 Ni1,POWDER,6.8,other,FCC+BCC+B2,761.0,
Al1 Cr1 Cu1 Fe1 Ni1,POWDER,6.8,other,FCC+BCC+B2,747.0,
Al1 Cr1 Cu1 Fe1 Ni1,POWDER,6.8,other,FCC+BCC+B2,,1511.0
Al1 Cr1 Cu1 Fe1 Ni1,POWDER,6.8,other,FCC+BCC+B2,,1366.0
Al1 Cr1 Cu1 Fe1 Ni1,POWDER,6.8,other,FCC+BCC+B2,,410.0
Al1 Cr1 Cu1 Fe1 Ni1,POWDER,6.8,other,FCC+BCC+B2,,48.0
Co1 Cr1 Fe1 Mn1 Ni1,CAST,8.0,FCC,FCC,,210.0
Co1 Cr1 Fe1 Mn1 Ni1,WROUGHT,8.0,FCC,FCC,,1150.0
Co1 Cr1 Fe1 Mn1 Ni1,WROUGHT,8.0,FCC,FCC,,1300.0
Co1 Cr1 Fe1 Mn1 Ni1,WROUGHT,8.0,FCC,FCC,,1050.0
Co1 Cr1 Fe1 Mn1 Ni1,WROUGHT,8.0,FCC,FCC,,560.0
Co1 Cr1 Fe1 Mn1 Ni1,WROUGHT,8.0,FCC,FCC,,520.0
Co1 Cr1 Fe1 Mn1 Ni1,WROUGHT,8.0,FCC,FCC,,320.0
Co1 Cr1 Fe1 Mn1 Ni1,WROUGHT,8.0,FCC,FCC,,280.0
Co0.5 Fe0.5 Mo0.1 Ni1 V0.25,CAST,8.4,FCC,FCC,,419.0
Co0.5 Fe0.5 Mo0.1 Ni1 V0.25,CAST,8.4,FCC,FCC,,350.0
Co0.5 Fe0.5 Mo0.1 Ni1 V0.25,CAST,8.4,FCC,FCC,,252.0
Co0.5 Fe0.5 Mo0.1 Ni1 V0.25,CAST,8.4,FCC,FCC,,214.0
Co0.5 Fe0.5 Mo0.1 Ni1 V0.25,CAST,8.4,FCC,FCC,,212.0
Co0.5 Fe0.5 Mo0.1 Ni1 V0.25,CAST,8.4,FCC,FCC,,187.0
Al0.3 Co1 Cr1 Fe1 Ni1,CAST,7.6,FCC,FCC,132.0,
Al0.3 Co1 Cr1 Fe1 Ni1,CAST,7.6,FCC,FCC,147.0,
Al0.3 Co1 Cr1 Fe1 Ni1,CAST,7.6,FCC,FCC,165.0,
Al1 Co1 Cr1 Fe1 Ni1,CAST,6.7,other,B2+BCC,519.0,1631.0
Al1 Co1 Cr1 Fe1 Ni1,CAST,6.7,other,B2+BCC,493.0,1209.0
Co0.318 Cr0.227 Fe1 Mo0.091 Ni0.182,WROUGHT,8.2,other,FCC+Sec.,,443.0
Co0.327 Cr0.227 Fe1 Mo0.136 Ni0.127,WROUGHT,8.2,other,FCC+Sec.,,711.0
Co0.318 Cr0.227 Fe1 Mo0.091 Ni0.182,WROUGHT,8.2,other,FCC+Sec.,,301.0
Co0.327 Cr0.227 Fe1 Mo0.136 Ni0.127,WROUGHT,8.2,other,FCC+Sec.,,684.0
Co0.318 Cr0.227 Fe1 Mo0.091 Ni0.182,WROUGHT,8.2,other,FCC+Sec.,,261.0
Co0.327 Cr0.227 Fe1 Mo0.136 Ni0.127,WROUGHT,8.2,other,FCC+Sec.,,506.0
Co0.318 Cr0.227 Fe1 Mo0.091 Ni0.182,WROUGHT,8.2,other,FCC+Sec.,,231.0
Co0.327 Cr0.227 Fe1 Mo0.136 Ni0.127,WROUGHT,8.2,other,FCC+Sec.,,296.0
Co1 Cr1 Fe1 Mn1 Ni1,ANNEAL,8.0,FCC,FCC,,
Co1 Cr1 Fe1 Mn1 Ni1,POWDER,8.0,FCC,FCC,,
Co1 Cr1 Fe1 Mn1 Ni1,POWDER,8.0,FCC,FCC,,
Cr1 Cu1 Fe1 Mn1 Ni1,CAST,8.1,other,FCC+BCC,,615.0
Cr1 Cu1 Fe1 Mn1 Ni1,ANNEAL,8.1,other,FCC+BCC,,
Cr1 Cu1 Fe1 Mn1 Ni1,ANNEAL,8.1,other,FCC+BCC,,
Cr1 Cu1 Fe1 Mn1 Ni1,ANNEAL,8.1,other,FCC+BCC,,
Cr1 Cu1 Fe1 Mn1 Ni1,ANNEAL,8.1,other,FCC+BCC+Sec.,,
Cr1 Cu1 Fe1 Mn1 Ni1,ANNEAL,8.1,other,FCC+BCC+Sec.,,
Cr1 Cu1 Fe1 Mn1 Ni1,ANNEAL,8.1,other,FCC+BCC+Sec.,,
Cr1 Cu1 Fe1 Mn1 Ni1,ANNEAL,8.1,other,FCC+BCC+Sec.,,
Cr1 Cu1 Fe1 Mn1 Ni1,ANNEAL,8.1,other,FCC+BCC,,
Mo1 Nb1 Re0.5 W1,CAST,13.7,BCC,BCC,473.0,896.0
C0.2 Mo1 Nb1 Re0.5 Ta0.2 W1,CAST,13.5,other,BCC+Sec.,510.0,1074.0
C0.4 Mo1 Nb1 Re0.5 Ta0.4 W1,CAST,13.4,other,BCC+Sec.,558.0,1144.0
C0.5 Mo1 Nb1 Re0.5 Ta0.5 W1,CAST,13.3,other,BCC+Sec.,583.0,1202.0
C0.6 Mo1 Nb1 Re0.5 Ta0.6 W1,CAST,13.3,other,BCC+Sec.,615.0,1241.0
Al0.278 Co0.694 Cr0.222 Fe0.417 Ni1 Ti0.167,ANNEAL,7.4,FCC,FCC,,520.0
Al0.278 Co0.694 Cr0.222 Fe0.417 Ni1 Ti0.167,ANNEAL,7.4,FCC,FCC,,470.0
Al0.278 Co0.694 Cr0.222 Fe0.417 Ni1 Ti0.167,ANNEAL,7.4,FCC,FCC,,461.0
Al0.278 Co0.694 Cr0.222 Fe0.417 Ni1 Ti0.167,ANNEAL,7.4,FCC,FCC,,445.0
Al0.278 Co0.694 Cr0.222 Fe0.417 Ni1 Ti0.167,ANNEAL,7.4,FCC,FCC,,219.0
Al0.278 Co0.694 Cr0.222 Fe0.417 Ni1 Ti0.167,ANNEAL,7.4,FCC,FCC,,627.0
Al0.278 Co0.694 Cr0.222 Fe0.417 Ni1 Ti0.167,ANNEAL,7.4,FCC,FCC,,594.0
Al0.278 Co0.694 Cr0.222 Fe0.417 Ni1 Ti0.167,ANNEAL,7.4,FCC,FCC,,547.0
Al0.278 Co0.694 Cr0.222 Fe0.417 Ni1 Ti0.167,ANNEAL,7.4,FCC,FCC,,399.0
Al0.278 Co0.694 Cr0.222 Fe0.417 Ni1 Ti0.167,ANNEAL,7.4,FCC,FCC,,243.0
Co0.286 Cr0.429 Fe1 Mn0.143 Ni0.714 V0.286,WROUGHT,7.9,FCC,FCC,,401.0
Co0.286 Cr0.429 Fe1 Mn0.143 Ni0.714 V0.286,WROUGHT,7.9,FCC,FCC,,350.0
Co0.286 Cr0.429 Fe1 Mn0.143 Ni0.714 V0.286,WROUGHT,7.9,FCC,FCC,,312.0
Co0.286 Cr0.429 Fe1 Mn0.143 Ni0.714 V0.286,WROUGHT,7.9,FCC,FCC,,240.0
Co0.286 Cr0.429 Fe1 Mn0.143 Ni0.714 V0.286,WROUGHT,7.9,FCC,FCC,,210.0
Co1 Cr1 Fe1 Mn1 Ni1,POWDER,8.0,other,Other,410.9,
Al1 Co0.5 Cr0.5 Fe0.5 Ni0.5,CAST,5.9,other,BCC+B2,581.7,1241.0
Al1 Co0.556 Cr0.556 Fe0.556 Ni0.556 Ti0.111,CAST,5.9,other,BCC+B2,605.5,1324.0
Al1 Co0.667 Cr0.667 Fe0.667 Ni0.667 Ti0.333,CAST,6.1,other,BCC+B2,641.7,1566.0
Al1 Co0.833 Cr0.833 Fe0.833 Ni0.833 Ti0.667,CAST,6.2,other,BCC+B2,639.6,1503.0
Al1 Co1 Cr1 Fe1 Ni1 Ti1,CAST,6.2,other,BCC+B2+Laves,703.0,1448.0
Al0.667 Co0.833 Cr0.833 Fe0.833 Ni0.833 Ti1,CAST,6.3,other,BCC+B2+Laves,856.9,1272.0
Al1 Co1 Cr1 Fe1 Ni1,POWDER,6.7,other,FCC+BCC,,
Al1 Co1 Cr1 Fe1 Ni1,POWDER,6.7,other,FCC+BCC,,
Al1 Co1 Cr1 Fe1 Ni1,POWDER,6.7,other,FCC+BCC,,
Al1 Co1 Cr1 Fe1 Ni1,POWDER,6.7,other,FCC+BCC,,
Al1 Co1 Cr1 Fe1 Ni1,POWDER,6.7,other,FCC+BCC,,
Hf1 Nb1 Ta1 Ti1 W1 Zr1,CAST,11.2,other,BCC+Laves,,1550.0
Hf1 Mo1 Nb1 Ta1 Ti1 W1 Zr1,CAST,11.1,other,BCC+Laves,,1637.0
Hf1 Nb1 Ta1 Ti1 W1 Zr1,CAST,11.2,other,BCC+Laves,,577.0
Hf1 Mo1 Nb1 Ta1 Ti1 W1 Zr1,CAST,11.1,other,BCC+Laves,,1065.0
Hf1 Nb1 Ta1 Ti1 W1 Zr1,CAST,11.2,other,BCC+Laves,,409.0
Hf1 Mo1 Nb1 Ta1 Ti1 W1 Zr1,CAST,11.1,other,BCC+Laves,,736.0
Hf1 Nb1 Ta1 Ti1 W1 Zr1,CAST,11.2,other,BCC+Laves,,345.0
Hf1 Mo1 Nb1 Ta1 Ti1 W1 Zr1,CAST,11.1,other,BCC+Laves,,703.0
Nb1 Ti1 Zr1,CAST,6.5,BCC,BCC,372.0,1223.0
Hf1 Nb1 Ti1 Zr1,CAST,8.4,BCC,BCC,351.0,1000.0
Nb1 Ti1 Zr1,ANNEAL,6.5,BCC,BCC,,
Hf1 Nb1 Ti1 Zr1,ANNEAL,8.4,BCC,BCC,,
Nb1 Ti1 Zr1,CAST,6.5,BCC,BCC,,462.0
Hf1 Nb1 Ti1 Zr1,CAST,8.4,BCC,BCC,,303.0
Nb1 Ti1 Zr1,CAST,6.5,BCC,BCC,,218.0
Hf1 Nb1 Ti1 Zr1,CAST,8.4,BCC,BCC,,154.0
Co1 Cr1 Fe1 Ni1,CAST,8.2,FCC,FCC,168.9,163.0
Co1 Cr1 Fe1 Ni1 W0.2,CAST,8.9,FCC,FCC,244.0,335.0
Co1 Cr1 Fe1 Ni1 W0.5,CAST,9.8,other,FCC+Sec.,357.9,556.0
Cr1 Fe1 Mo1 Nb1 V1,CAST,8.1,other,BCC+Laves,826.0,2663.0
Cr1 Fe1 Mo1 Nb1 Ti1,CAST,7.6,other,BCC+Laves,792.0,1647.0
Fe1 Mo1 Nb1 Ti1 V1,CAST,7.4,other,BCC+B2,699.0,1707.0
Al0.15 Cr0.5 Cu0.25 Fe0.5 Ni1,WROUGHT,7.8,FCC,FCC,107.0,62.0
Al0.15 Cr0.5 Cu0.25 Fe0.5 Ni1,WROUGHT,7.8,other,FCC+L12,209.0,350.0
Al0.15 Cr0.5 Cu0.25 Fe0.5 Ni1,WROUGHT,7.8,other,FCC+L12+Sec.,321.0,535.0
Al0.15 Cr0.5 Cu0.25 Fe0.5 Ni1,WROUGHT,7.8,other,FCC+L12+Sec.,159.0,255.0
Hf1 Nb1 Ta1 Ti1 Zr1,WROUGHT,9.9,BCC,BCC,,
Hf1 Nb1 Ta1 Ti1 Zr1,WROUGHT,9.9,BCC,BCC,,
Hf1 Nb1 Ta1 Ti1 Zr1,WROUGHT,9.9,BCC,BCC,,
Hf1 Nb1 Ta1 Ti1 Zr1,WROUGHT,9.9,BCC,BCC,,
Hf1 Nb1 Ta1 Ti1 Zr1,WROUGHT,9.9,BCC,BCC,,
Hf1 Nb1 Ta1 Ti1 Zr1,WROUGHT,9.9,BCC,BCC,,
Hf1 Nb1 Ta1 Ti1 Zr1,WROUGHT,9.9,BCC,BCC,,
Hf1 Nb1 Ta1 Ti1 Zr1,WROUGHT,9.9,BCC,BCC,,
Hf1 Nb1 Ta1 Ti1 Zr1,WROUGHT,9.9,BCC,BCC,,
Hf1 Nb1 Ta1 Ti1 Zr1,WROUGHT,9.9,BCC,BCC,,
Hf1 Nb1 Ta1 Ti1 Zr1,WROUGHT,9.9,BCC,BCC,,
Hf1 Nb1 Ta1 Ti1 Zr1,WROUGHT,9.9,BCC,BCC,,
Hf1 Nb1 Ta1 Ti1 Zr1,WROUGHT,9.9,BCC,BCC,,
Hf1 Nb1 Ta1 Ti1 Zr1,WROUGHT,9.9,BCC,BCC,,
Hf1 Nb1 Ta1 Ti1 Zr1,WROUGHT,9.9,BCC,BCC,,
Hf1 Nb1 Ta1 Ti1 Zr1,WROUGHT,9.9,BCC,BCC,,
Hf1 Nb1 Ta1 Ti1 Zr1,WROUGHT,9.9,BCC,BCC,,
Hf1 Nb1 Ta1 Ti1 Zr1,WROUGHT,9.9,BCC,BCC,,
Hf1 Nb1 Ta1 Ti1 Zr1,WROUGHT,9.9,BCC,BCC,,
Hf1 Nb1 Ta1 Ti1 Zr1,WROUGHT,9.9,BCC,BCC,,
Hf1 Nb1 Ta1 Ti1 Zr1,WROUGHT,9.9,BCC,BCC,,
Hf1 Nb1 Ta1 Ti1 Zr1,WROUGHT,9.9,BCC,BCC,,
Hf1 Nb1 Ta1 Ti1 Zr1,WROUGHT,9.9,BCC,BCC,,
Hf1 Nb1 Ta1 Ti1 Zr1,WROUGHT,9.9,BCC,BCC,,
Hf1 Nb1 Ta1 Ti1 Zr1,WROUGHT,9.9,BCC,BCC,,
Hf1 Nb1 Ta1 Ti1 Zr1,WROUGHT,9.9,BCC,BCC,,
Hf1 Nb1 Ta1 Ti1 Zr1,WROUGHT,9.9,BCC,BCC,,
Hf1 Nb1 Ta1 Ti1 Zr1,WROUGHT,9.9,BCC,BCC,,
Hf1 Nb1 Ta1 Ti1 Zr1,WROUGHT,9.9,BCC,BCC,,
Hf1 Nb1 Ta1 Ti1 Zr1,WROUGHT,9.9,BCC,BCC,,
Hf1 Nb1 Ta1 Ti1 Zr1,WROUGHT,9.9,BCC,BCC,,
Hf1 Nb1 Ta1 Ti1 Zr1,WROUGHT,9.9,BCC,BCC,,
Hf1 Nb1 Ta1 Ti1 Zr1,WROUGHT,9.9,BCC,BCC,,
Hf1 Nb1 Ta1 Ti1 Zr1,WROUGHT,9.9,BCC,BCC,,
Hf1 Nb1 Ta1 Ti1 Zr1,WROUGHT,9.9,BCC,BCC,,
Hf1 Nb1 Ta1 Ti1 Zr1,WROUGHT,9.9,BCC,BCC,,
Hf1 Nb1 Ta1 Ti1 Zr1,WROUGHT,9.9,BCC,BCC,,
Hf1 Nb1 Ta1 Ti1 Zr1,WROUGHT,9.9,BCC,BCC,,
Hf1 Nb1 Ta1 Ti1 Zr1,WROUGHT,9.9,BCC,BCC,,
Hf1 Nb1 Ta1 Ti1 Zr1,WROUGHT,9.9,BCC,BCC,,
Hf1 Nb1 Ta1 Ti1 Zr1,WROUGHT,9.9,BCC,BCC,,
Hf1 Nb1 Ta1 Ti1 Zr1,WROUGHT,9.9,BCC,BCC,,
Co1 Cr1 Fe1 Ni1 Ti0.3,WROUGHT,7.8,FCC,FCC,263.0,540.0
Co1 Cr1 Fe1 Ni1 Ti0.3,WROUGHT,7.8,FCC,FCC,185.0,
Co0.333 Cr0.667 Fe0.667 Ni1 Ti0.2,WROUGHT,7.8,FCC,FCC,197.0,
Co0.333 Cr0.667 Fe0.667 Ni1 Ti0.2,WROUGHT,7.8,FCC,FCC,308.0,586.0
Cr0.5 Fe0.5 Ni1 Ti0.15,WROUGHT,7.8,FCC,FCC,335.0,672.0
Cr0.5 Fe0.5 Ni1 Ti0.15,WROUGHT,7.8,FCC,FCC,204.0,
Nb1 Ta1 Ti1,WROUGHT,10.0,BCC,BCC,,573.0
Nb1 Ta1 Ti1,WROUGHT,10.0,BCC,BCC,,486.0
Nb1 Ta1 Ti1,WROUGHT,10.0,BCC,BCC,,378.0
Nb1 Ta1 Ti1,WROUGHT,10.0,BCC,BCC,,314.0
Nb1 Ta1 Ti1,WROUGHT,10.0,BCC,BCC,,232.0
Nb1 Ta1 Ti1,WROUGHT,10.0,BCC,BCC,,222.0
Nb1 Ta1 Ti1,WROUGHT,10.0,BCC,BCC,,210.0
Nb1 Ta1 Ti1,WROUGHT,10.0,BCC,BCC,,160.0
Al1 Nb1 Ta1 Ti1,CAST,8.2,BCC,BCC,,1152.0
Al1 Nb1 Ta1 Ti1,CAST,8.2,BCC,BCC,,740.0
Al1 Nb1 Ta1 Ti1,CAST,8.2,BCC,BCC,,740.0
Mo1 Nb1 Ta1 Ti1,ANNEAL,10.0,BCC,BCC,,1210.0
Mo1 Nb1 Ta1 Ti1,ANNEAL,10.0,BCC,BCC,,1071.0
Mo1 Nb1 Ta1 Ti1,ANNEAL,10.0,BCC,BCC,,1029.0
Mo1 Nb1 Ta1 Ti1,ANNEAL,10.0,BCC,BCC,,868.0
Mo1 Nb1 Ta1 Ti1,ANNEAL,10.0,BCC,BCC,,732.0
Mo1 Nb1 Ta1 Ti1,ANNEAL,10.0,BCC,BCC,,685.0
Mo1 Nb1 Ta1 Ti1,ANNEAL,10.0,BCC,BCC,,593.0
Mo1 Nb1 Ta1 Ti1,ANNEAL,10.0,BCC,BCC,,564.0
Mo1 Nb1 Ta1 Ti1,ANNEAL,10.0,BCC,BCC,,539.0
Nb1 Ta1 Ti1 W1,ANNEAL,12.1,BCC,BCC,,1054.0
Nb1 Ta1 Ti1 W1,ANNEAL,12.1,BCC,BCC,,968.0
Nb1 Ta1 Ti1 W1,ANNEAL,12.1,BCC,BCC,,869.0
Nb1 Ta1 Ti1 W1,ANNEAL,12.1,BCC,BCC,,754.0
Nb1 Ta1 Ti1 W1,ANNEAL,12.1,BCC,BCC,,627.0
Nb1 Ta1 Ti1 W1,ANNEAL,12.1,BCC,BCC,,596.0
Nb1 Ta1 Ti1 W1,ANNEAL,12.1,BCC,BCC,,564.0
Nb1 Ta1 Ti1 W1,ANNEAL,12.1,BCC,BCC,,459.0
Hf1 Nb1 Ta1 Ti1,ANNEAL,10.9,BCC,BCC,,860.0
Hf1 Nb1 Ta1 Ti1,ANNEAL,10.9,BCC,BCC,,834.0
Hf1 Nb1 Ta1 Ti1,ANNEAL,10.9,BCC,BCC,,610.0
Hf1 Nb1 Ta1 Ti1,ANNEAL,10.9,BCC,BCC,,473.0
Cr1 Mo1 Nb1 Ti1,ANNEAL,7.6,BCC,BCC,,1630.0
Cr1 Mo1 Nb1 Ti1,ANNEAL,7.6,BCC,BCC,,1268.0
Cr1 Mo1 Nb1 Ti1,ANNEAL,7.6,BCC,BCC,,1115.0
Cr1 Mo1 Nb1 Ti1,ANNEAL,7.6,BCC,BCC,,1062.0
Cr1 Mo1 Nb1 Ti1,ANNEAL,7.6,BCC,BCC,,1058.0
Cr1 Mo1 Ta1 Ti1,ANNEAL,9.9,other,BCC+Laves,,1795.0
Cr1 Mo1 Ta1 Ti1,ANNEAL,9.9,other,BCC+Laves,,1506.0
Cr1 Mo1 Ta1 Ti1,ANNEAL,9.9,other,BCC+Laves,,1266.0
Cr1 Mo1 Ta1 Ti1,ANNEAL,9.9,other,BCC+Laves,,1183.0
Cr1 Mo1 Ta1 Ti1,ANNEAL,9.9,other,BCC+Laves,,1175.0
Cr1 Mo1 Ta1 Ti1,ANNEAL,9.9,other,BCC+Laves,,1162.0
Cr1 Mo1 Ta1 Ti1,ANNEAL,9.9,other,BCC+Laves,,1162.0
Cr1 Mo1 Ta1 Ti1,ANNEAL,9.9,other,BCC+Laves,,1159.0
Hf0.25 Ti1 V0.5 Zr0.5,CAST,6.5,BCC,BCC,338.3,1160.0
Hf0.25 Ti1 V0.5 Zr0.5,CAST,6.5,BCC,BCC,338.3,405.0
Hf0.25 Ti1 V0.5 Zr0.5,CAST,6.5,BCC,BCC,338.3,85.0
Hf0.25 Nb0.125 Ti1 V0.5 Zr0.5,CAST,6.6,BCC,BCC,332.4,1115.0
Hf0.25 Nb0.25 Ti1 V0.5 Zr0.5,CAST,6.7,BCC,BCC,322.5,1065.0
Hf0.25 Nb0.25 Ti1 V0.5 Zr0.5,CAST,6.7,BCC,BCC,322.5,718.0
Hf0.25 Nb0.25 Ti1 V0.5 Zr0.5,CAST,6.7,BCC,BCC,322.5,135.0
Hf0.25 Nb0.375 Ti1 V0.5 Zr0.5,CAST,6.8,BCC,BCC,318.9,1025.0
Hf0.25 Nb0.5 Ti1 V0.5 Zr0.5,CAST,6.9,BCC,BCC,310.4,980.0
Hf0.25 Nb0.5 Ti1 V0.5 Zr0.5,CAST,6.9,BCC,BCC,310.4,859.0
Hf0.25 Nb0.5 Ti1 V0.5 Zr0.5,CAST,6.9,BCC,BCC,310.4,195.0
Cr1 Cu1 Fe1 Mn1 Ni1,WROUGHT,8.1,other,Other,398.0,1190.0
Cr1 Cu1 Fe1 Mn1 Ni1,WROUGHT,8.1,other,Other,367.0,1170.0
Cr1 Cu1 Fe1 Mn1 Ni1,WROUGHT,8.1,other,Other,312.0,1030.0
Cr1 Cu1 Fe1 Mn1 Ni1,WROUGHT,8.1,other,Other,271.0,970.0
Cr1 Cu1 Fe1 Mn1 Ni1,WROUGHT,8.1,other,Other,183.0,850.0
Cr1 Cu1 Fe1 Mn1 Ni1,WROUGHT,8.1,other,Other,162.0,470.0
Co0.476 Cr0.476 Fe0.476 Nb0.095 Ni1,CAST,8.3,other,FCC+Laves,,170.0
Co0.476 Cr0.476 Fe0.476 Nb0.19 Ni1,CAST,8.4,other,FCC+Laves,,640.0
Co0.476 Cr0.476 Fe0.476 Nb0.095 Ni1,ANNEAL,8.3,other,FCC+Laves+Sec.,,560.0
Co0.476 Cr0.476 Fe0.476 Nb0.19 Ni1,ANNEAL,8.4,other,FCC+Laves,,
C0.053 Co1 Cr1 Fe1 Mn1 Ni1,ANNEAL,8.0,other,FCC+Sec.,345.0,
C0.053 Co1 Cr1 Fe1 Mn1 Ni1,ANNEAL,8.0,other,FCC+Sec.,285.0,
Al1 Co1 Cr1 Fe1 Ni1,POWDER,6.7,other,BCC+FCC,550.0,1221.1
Al1 Co1 Cr1 Fe1 Ni1,POWDER,6.7,other,BCC+FCC,510.0,1186.7
Al1 Co1 Cr1 Fe1 Ni1,POWDER,6.7,other,BCC+FCC,503.0,1112.9
Cr1 Mo1 Nb1 Ti1 W1,POWDER,9.9,other,BCC+Laves,,2500.0
Cr1 Mo1 Nb1 Ti1 W1,POWDER,9.9,other,BCC+Laves,,1260.0
Cr1 Mo1 Nb1 Ti1 W1,POWDER,9.9,other,BCC+Laves,,1630.0
Cr1 Mo1 Nb1 Ti1 W1,POWDER,9.9,other,BCC+Laves,,2030.0
Cr1 Mo1 Nb1 Ti1 W1,POWDER,9.9,other,BCC+Laves,,1920.0
Al1 Co1 Cr1 Fe1 Ni1,POWDER,6.7,other,BCC+B2,,
Al1 Co1 Cr1 Fe1 Ni1,POWDER,6.7,other,BCC+B2,,
Al1 Co1 Cr1 Fe1 Ni1,POWDER,6.7,other,BCC+B2+FCC,,
Al1 Co1 Cr1 Fe1 Ni1,POWDER,6.7,other,BCC+B2+FCC,,
Al1 Co1 Cr1 Fe1 Ni1,POWDER,6.7,other,BCC+B2+FCC,,520.0
Al1 Co1 Cr1 Fe1 Ni1,POWDER,6.7,other,BCC+B2+FCC,,1150.0
Al1 Co1 Cr1 Fe1 Ni1,POWDER,6.7,other,BCC+B2+FCC,,1287.0
Al1 Co1 Cr1 Fe1 Ni1,POWDER,6.7,other,BCC+B2+FCC,,1286.0
Al1 Co1 Cr1 Fe1 Ni1,POWDER,6.7,other,BCC+B2+FCC,,1390.0
Al1 Co1 Cr1 Fe1 Ni1,POWDER,6.7,other,BCC+B2+FCC,,1626.0
Co0.25 Cr0.25 Fe1 Mn1,CAST,7.7,FCC,FCC,,213.0
Co0.25 Cr0.25 Fe1 Mn1,CAST,7.7,FCC,FCC,,393.0
Co0.25 Cr0.25 Fe1 Mn1,WROUGHT,7.7,FCC,FCC,,792.0
Co0.25 Cr0.25 Fe1 Mn1,WROUGHT,7.7,FCC,FCC,,559.0
Co0.25 Cr0.25 Fe1 Mn1,WROUGHT,7.7,FCC,FCC,,512.0
Co0.25 Cr0.25 Fe1 Mn1,WROUGHT,7.7,FCC,FCC,,476.0
Co1 Cr1 Fe1 Mn1 Ni1,WROUGHT,8.0,FCC,FCC,,353.0
C0.041 Co1 Cr1 Fe1 Mn1 Nb0.041 Ni1,WROUGHT,8.0,other,FCC+Sec.,,732.0
Al0.5 Nb1 Ta0.5 Ti1 Zr1,WROUGHT,7.3,other,BCC+HCP,,1500.0
Al0.5 Nb1 Ta0.5 Ti1 Zr1,POWDER,7.3,BCC,BCC,,
Al0.5 Nb1 Ta0.5 Ti1 Zr1,WROUGHT,7.3,other,BCC+HCP,,1200.0
Al0.5 Nb1 Ta0.5 Ti1 Zr1,WROUGHT,7.3,other,BCC+HCP,,2100.0
Al0.5 Nb1 Ta0.5 Ti1 Zr1,WROUGHT,7.3,other,BCC+HCP,,1740.0
Al0.5 Nb1 Ta0.5 Ti1 Zr1,WROUGHT,7.3,other,BCC+HCP,,1630.0
Mo1 Nb1 Ta1 W1,POWDER,13.7,BCC,BCC,504.5,1217.0
Mo1 Nb1 Si0.25 Ta1 W1,POWDER,12.9,other,BCC+Sec.,567.0,1826.0
Mo1 Nb1 Si0.5 Ta1 W1,POWDER,12.2,other,BCC+Sec.,697.0,1883.0
Mo1 Nb1 Si0.75 Ta1 W1,POWDER,11.6,other,BCC+Sec.,682.6,2483.0
Mo1 Nb1 Ta1 W1,POWDER,13.7,BCC,BCC,420.0,
Mo1 Nb1 Si0.25 Ta1 W1,POWDER,12.9,other,BCC+Sec.,425.0,
Mo1 Nb1 Si0.5 Ta1 W1,POWDER,12.2,other,BCC+Sec.,535.0,
Mo1 Nb1 Si0.75 Ta1 W1,POWDER,11.6,other,BCC+Sec.,640.0,
Mo1 Nb1 Ta1 W1,POWDER,13.7,BCC,BCC,425.0,
Mo1 Nb1 Si0.25 Ta1 W1,POWDER,12.9,other,BCC+Sec.,420.0,
Mo1 Nb1 Si0.5 Ta1 W1,POWDER,12.2,other,BCC+Sec.,560.0,
Mo1 Nb1 Si0.75 Ta1 W1,POWDER,11.6,other,BCC+Sec.,600.0,
Mo1 Nb1 Ta1 W1,POWDER,13.7,BCC,BCC,340.0,
Mo1 Nb1 Si0.25 Ta1 W1,POWDER,12.9,other,BCC+Sec.,425.0,
Mo1 Nb1 Si0.5 Ta1 W1,POWDER,12.2,other,BCC+Sec.,540.0,
Mo1 Nb1 Si0.75 Ta1 W1,POWDER,11.6,other,BCC+Sec.,650.0,
Mo1 Nb1 Ta1 W1,POWDER,13.7,BCC,BCC,335.5,
Mo1 Nb1 Si0.25 Ta1 W1,POWDER,12.9,other,BCC+Sec.,399.2,
Mo1 Nb1 Si0.5 Ta1 W1,POWDER,12.2,other,BCC+Sec.,550.5,
Mo1 Nb1 Si0.75 Ta1 W1,POWDER,11.6,other,BCC+Sec.,597.3,
Mo1 Nb1 Si0.75 Ta1 W1,POWDER,11.6,other,BCC+Sec.,,960.0
Co1 Cr1 Fe1 Mn1 Ni1,WROUGHT,8.0,FCC,FCC,,1199.26
Co1 Cr1 Fe1 Mn1 Ni1,WROUGHT,8.0,FCC,FCC,,1269.23
Co1 Cr1 Fe1 Mn1 Ni1,WROUGHT,8.0,FCC,FCC,,1371.21
Co1 Cr1 Fe1 Mn1 Ni1,WROUGHT,8.0,FCC,FCC,,1362.74
Co1 Cr1 Fe1 Mn1 Ni1,WROUGHT,8.0,FCC,FCC,,1241.81
Co1 Cr1 Fe1 Mn1 Ni1,WROUGHT,8.0,FCC,FCC,,930.3
Co1 Cr1 Fe1 Mn1 Ni1,WROUGHT,8.0,FCC,FCC,,729.21
Co1 Cr1 Fe1 Mn1 Ni1,WROUGHT,8.0,FCC,FCC,,494.82
Co1 Cr1 Fe1 Mn1 Ni1,WROUGHT,8.0,FCC,FCC,,366.88
Co1 Cr1 Fe1 Mn1 Ni1,WROUGHT,8.0,FCC,FCC,,290.65
Co1 Cr1 Fe1 Mn1 Ni1,WROUGHT,8.0,FCC,FCC,,258.76
C0.1 Co1 Cr1 Fe1 Mn1 Ni1 Ti0.1,POWDER,7.8,other,FCC+Sec.,457.0,1616.0
C0.1 Co1 Cr1 Fe1 Mn1 Ni1 Ti0.1,POWDER,7.8,other,FCC+Sec.,461.0,1652.0
C0.1 Co1 Cr1 Fe1 Mn1 Ni1 Ti0.1,POWDER,7.8,other,FCC+Sec.,428.0,1490.0
C0.1 Co1 Cr1 Fe1 Mn1 Ni1 Ti0.1,POWDER,7.8,other,FCC+Sec.,378.0,1194.0
Al0.143 Cr0.343 Fe1 Mn0.8 Ni0.571,CAST,7.5,FCC,FCC,,280.0
Al0.286 Cr0.343 Fe1 Mn0.657 Ni0.571,WROUGHT,7.2,FCC,FCC,,320.0
Al0.143 Cr0.343 Fe1 Mn0.8 Ni0.571,CAST,7.5,FCC,FCC,,1253.0
Al0.286 Cr0.343 Fe1 Mn0.657 Ni0.571,WROUGHT,7.2,FCC,FCC,,1400.0
Co1 Cu1 Fe1 Mn1 Ni1,CAST,8.4,FCC,FCC,,
Co1 Cu1 Fe1 Mn1 Ni1,CAST,8.4,FCC,FCC,,
Co1 Cu1 Fe1 Mn1 Ni1,CAST,8.4,FCC,FCC,,
Co1 Cr1 Fe1 Mo0.15 Ni1,CAST,8.3,FCC,FCC,,489.0
Co1 Cr1 Fe1 Mo0.15 Ni1,WROUGHT,8.3,FCC,FCC,,1136.0
Co1 Cr1 Fe1 Mo0.15 Ni1,WROUGHT,8.3,FCC,FCC,,1301.0
Al1 Co1 Cu1 Fe1 Ni0.5,CAST,6.9,other,FCC+BCC+B2,430.9,929.0
Al1 Co1 Cu1 Fe1 Ni0.8,CAST,7.0,other,FCC+BCC+B2,420.0,1021.0
Al1 Co1 Cu1 Fe1 Ni1,CAST,7.0,other,FCC+BCC+B2,391.4,994.0
Al0.667 Co0.667 Cu0.667 Fe0.667 Ni1,CAST,7.2,other,FCC+BCC+B2,323.8,680.0
Al0.5 Co0.5 Cu0.5 Fe0.5 Ni1,CAST,7.3,other,FCC+BCC+B2,299.2,544.0
Al0.333 Co0.333 Cu0.333 Fe0.333 Ni1,CAST,7.5,FCC,FCC,279.6,268.0
Al0.5 Cr1 Fe1 Mn1 Ni1,CAST,7.1,other,BCC+B2,353.0,1091.0
Al0.6 Cr1 Fe1 Mn1 Ni1,CAST,6.9,other,BCC+B2,361.0,1130.0
Al0.7 Cr1 Fe1 Mn1 Ni1,CAST,6.8,other,BCC+B2,375.0,1170.0
Al0.8 Cr1 Fe1 Mn1 Ni1,CAST,6.7,other,BCC+B2,386.0,1200.0
Co1 Cr0.2 Fe1 Ni1 Si0.2,CAST,7.8,FCC,FCC,130.1,225.0
Co1 Cr0.2 Fe1 Ni1 Si0.2,WROUGHT,7.8,FCC,FCC,318.2,705.0
Co1 Cr0.2 Fe1 Ni1 Si0.2,WROUGHT,7.8,FCC,FCC,153.8,320.0
Al1 Cu0.077 Fe0.077 Mg0.077 Si0.231 Zn0.077,CAST,3.2,FCC,FCC,,422.0
Al1 Cu0.077 Mg0.077 Ni0.077 Si0.231 Zn0.077,CAST,3.2,FCC,FCC,,534.0
Al1 Cr0.077 Cu0.077 Mg0.077 Si0.231 Zn0.077,CAST,3.1,FCC,FCC,,490.0
Al1 Cu0.077 Mg0.077 Mn0.077 Si0.231 Zn0.077,CAST,3.2,FCC,FCC,,622.0
Al1 Cu0.077 Mg0.077 Si0.231 Zn0.077 Zr0.077,CAST,3.2,other,FCC+Laves,,565.0
Co1 Cr1 Fe1 Mo0.2 Ni1,CAST,8.3,FCC,FCC,,400.0
Co1 Cr1 Fe1 Mo0.2 Ni1,ANNEAL,8.3,FCC,FCC,,
Co1 Cr1 Fe1 Mo0.2 Ni1,ANNEAL,8.3,FCC,FCC,,
Co1 Cr1 Fe1 Mo0.2 Ni1,ANNEAL,8.3,FCC,FCC,,
Co1 Cr1 Fe1 Mo0.2 Ni1,ANNEAL,8.3,FCC,FCC,,
Co1 Cr1 Fe1 Mo0.2 Ni1,ANNEAL,8.3,FCC,FCC,,
Co1 Cr1 Fe1 Mo0.2 Ni1,ANNEAL,8.3,FCC,FCC,,
Co1 Cr1 Fe1 Mo0.2 Ni1,ANNEAL,8.3,FCC,FCC,,
Co1 Cr1 Fe1 Mo0.2 Ni1,ANNEAL,8.3,FCC,FCC,,
Co1 Cr1 Fe1 Mo0.2 Ni1,ANNEAL,8.3,FCC,FCC,,
Co1 Cr1 Fe1 Mo0.2 Ni1,ANNEAL,8.3,FCC,FCC,,
Co1 Cr1 Fe1 Ni1 Pd1,CAST,9.2,FCC,FCC,295.0,
Co1 Cr1 Fe1 Mn0.2 Ni1 Pd1,CAST,9.1,other,FCC+Sec.,470.0,650.0
Co1 Cr1 Fe1 Mn0.4 Ni1 Pd1,CAST,9.1,other,FCC+Sec.,380.0,650.0
Co1 Cr1 Fe1 Mn0.6 Ni1 Pd1,CAST,9.0,other,FCC+Sec.,180.0,650.0
Co1 Cr1 Fe1 Mn0.8 Ni1 Pd1,CAST,8.9,other,FCC+Sec.,160.0,650.0
Cr1 Fe1 Ni1 Ti0.2,CAST,7.6,other,BCC+FCC,362.2,2297.94
Cr1 Fe1 Ni1 Ti0.3,CAST,7.5,other,BCC+FCC,510.3,2364.63
Cr1 Fe1 Ni1 Ti0.4,CAST,7.4,BCC,BCC,600.3,2475.41
Cr1 Fe1 Ni1 Ti0.5,CAST,7.3,BCC,BCC,709.6,2380.79
Cr1 Fe1 Ni1 Ti0.6,CAST,7.2,BCC,BCC,718.2,1923.15
Al1 Cr1 Cu1 Fe1 Mn1,POWDER,6.5,other,Other,633.0,1010.0
Al1 Cr1 Cu1 Fe1 Mn1 W0.05,POWDER,6.7,other,BCC+Sec.,680.0,1120.0
Al1 Cr1 Cu1 Fe1 Mn1 W0.1,POWDER,6.8,other,BCC+Sec.,705.0,1250.0
Al1 Cr1 Cu1 Fe1 Mn1 W0.5,POWDER,7.9,other,BCC+Sec.,780.0,1510.0
Co1 Cu1 Fe1 Nb0.5 Ni1,WROUGHT,8.6,other,FCC+Laves,,
Co0.2 Cu0.2 Fe0.2 Nb1 Ni0.2,WROUGHT,8.6,other,FCC+Laves,,1498.0
Co0.133 Cu0.133 Fe0.133 Nb1 Ni0.133,WROUGHT,8.6,other,FCC+Laves,,1635.0
Co0.086 Cu0.086 Fe0.086 Nb1 Ni0.086,WROUGHT,8.6,other,FCC+Laves,,1703.0
Co0.067 Cu0.067 Fe0.067 Nb1 Ni0.067,WROUGHT,8.6,other,FCC+Laves,,1415.0
Co0.2 Cr0.2 Fe1 Mn0.6,CAST,7.8,other,FCC+Sec.,296.0,
B0.006 Co0.201 Cr0.201 Fe1 Mn0.604,CAST,7.8,other,FCC+Sec.,282.0,
B0.012 Co0.202 Cr0.202 Fe1 Mn0.607,CAST,7.8,other,FCC+Sec.,306.0,
B0.035 Co0.207 Cr0.207 Fe1 Mn0.621,CAST,7.7,other,FCC+Sec.,452.0,
Hf1 Ti1 Zr1,CAST,8.3,other,Other,211.0,773.0
Hf1 Sc1 Ti1 Zr1,CAST,6.8,other,Other,233.0,1001.0
Hf1 Ti1 Y1 Zr1,CAST,7.0,other,Other,241.0,554.0
Hf1 Sc1 Ti1 Y1 Zr1,CAST,6.2,other,Other,256.0,793.0
Co1 Cr1 Fe1 Ga1 Ni1,CAST,7.5,other,FCC+BCC,,
Al0.562 Co0.938 Cr0.312 Fe0.312 Ni1,CAST,7.1,other,FCC+BCC,305.4,1129.4
Al0.581 Co0.968 Cr0.323 Fe0.323 Mo0.032 Ni1,CAST,7.1,other,FCC+BCC,357.3,1159.7
Al0.6 Co1 Cr0.333 Fe0.333 Mo0.067 Ni1,CAST,7.1,other,FCC+BCC,362.6,1250.8
Al0.6 Co1 Cr0.333 Fe0.333 Mo0.1 Ni0.967,CAST,7.2,other,FCC+BCC,359.7,1198.3
Co1 Cr1 Fe1 Mo0.149 Ni1,POWDER,8.3,other,FCC+Sec.,210.0,
Co1 Cr1 Cu1 Fe1 Ni1,CAST,8.3,FCC,FCC,,300.0
Co1 Cr1 Cu1 Fe1 Ni1 V0.042,CAST,8.3,other,FCC+Sec.,,303.0
Co1 Cr1 Cu1 Fe1 Ni1 V0.087,CAST,8.3,other,FCC+Sec.,,307.0
Co1 Cr1 Cu1 Fe1 Ni1 V0.136,CAST,8.3,other,FCC+Sec.,,330.0
Co1 Cr1 Cu1 Fe1 Ni1 V0.19,CAST,8.2,other,FCC+Sec.,,616.0
Co1 Cr1 Cu1 Ni1 Zn1,POWDER,8.1,other,BCC+FCC,,
Co1 Cr1 Cu1 Ni1 Zn1,POWDER,8.1,other,BCC+FCC,,
Co1 Cr1 Cu1 Ni1 Zn1,POWDER,8.1,other,BCC+FCC,,
Co1 Cr1 Cu1 Ni1 Zn1,POWDER,8.1,other,FCC+FCC,615.0,2121.0
Hf1 Nb1 Ta1 Ti1 Zr1,CAST,9.9,BCC,BCC,359.0,1155.0
Nb1 Ta1 Ti1 Zr1,CAST,8.9,BCC,BCC,358.0,1144.0
Nb1 Ta1 Ti1,CAST,10.0,BCC,BCC,246.0,620.0
Ta1 Ti1 Zr1,CAST,9.0,other,BCC+Sec.,485.0,
Nb1 Ti1 Zr1,CAST,6.5,BCC,BCC,295.0,956.0
Nb1 Ta0.667 Ti0.667 Zr0.333,CAST,9.2,other,BCC+Sec.,294.0,822.0
Nb0.333 Ta0.667 Ti0.667 Zr1,CAST,8.6,other,BCC+Sec.,489.0,
Al1 C1 Co1 Cr1 Fe1 Ni1,POWDER,6.2,other,FCC+BCC,,
Cr1 Cu1 Fe1 Ni1 Ti1,CAST,7.2,other,FCC+BCC,,
Cr1 Cu1 Fe1 Ni1 Ti1,WROUGHT,7.2,other,FCC+BCC,,
Cr1 Cu1 Fe1 Ni1 Ti1,WROUGHT,7.2,other,FCC+BCC,,
Cr1 Cu1 Fe1 Ni1 Ti1,WROUGHT,7.2,other,FCC+BCC,,
Co1 Cr1 Fe1 Mn1 Ni1,POWDER,8.0,other,FCC,435.0,1100.0
Al0.5 Cr1 Cu1 Fe1 Ni1,CAST,7.4,FCC,FCC,226.0,
Al0.5 Cr1 Cu1 Fe1 Ni1,WROUGHT,7.4,FCC,FCC,287.0,
Hf1 Mo1 Nb1 Ta1 Ti1 Zr1,CAST,9.9,BCC,BCC,,1512.0
Hf1 Mo1 Ta1 Ti1 Zr1,CAST,10.2,BCC,BCC,,1600.0
Hf1 Mo1 Nb1 Ti1 Zr1,CAST,8.7,BCC,BCC,,1351.0
Hf1 Mo1 Nb1 Ta1 Zr1,CAST,10.9,BCC,BCC,,1524.0
Hf1 Mo1 Nb1 Ta1 Ti1,CAST,10.8,BCC,BCC,,1369.0
Hf1 Mo1 Nb1 Ta1 Ti1 Zr1,CAST,9.9,BCC,BCC,,1007.0
Hf1 Mo1 Ta1 Ti1 Zr1,CAST,10.2,BCC,BCC,,1045.0
Hf1 Mo1 Nb1 Ti1 Zr1,CAST,8.7,BCC,BCC,,829.0
Hf1 Mo1 Nb1 Ta1 Zr1,CAST,10.9,BCC,BCC,,1005.0
Hf1 Mo1 Nb1 Ta1 Ti1,CAST,10.8,BCC,BCC,,822.0
Hf1 Mo1 Nb1 Ta1 Ti1 Zr1,CAST,9.9,BCC,BCC,,814.0
Hf1 Mo1 Ta1 Ti1 Zr1,CAST,10.2,BCC,BCC,,855.0
Hf1 Mo1 Nb1 Ti1 Zr1,CAST,8.7,BCC,BCC,,721.0
Hf1 Mo1 Nb1 Ta1 Zr1,CAST,10.9,BCC,BCC,,927.0
Hf1 Mo1 Nb1 Ta1 Ti1,CAST,10.8,BCC,BCC,,778.0
Hf1 Mo1 Nb1 Ta1 Ti1 Zr1,CAST,9.9,BCC,BCC,,556.0
Hf1 Mo1 Ta1 Ti1 Zr1,CAST,10.2,BCC,BCC,,404.0
Hf1 Mo1 Nb1 Ti1 Zr1,CAST,8.7,BCC,BCC,,301.0
Hf1 Mo1 Nb1 Ta1 Zr1,CAST,10.9,BCC,BCC,,694.0
Hf1 Mo1 Nb1 Ta1 Ti1,CAST,10.8,BCC,BCC,,699.0
Hf1 Mo1 Nb1 Ta1 Zr1,CAST,10.9,BCC,BCC,,278.0
Hf1 Mo1 Nb1 Ta1 Ti1,CAST,10.8,BCC,BCC,,367.0
Co1 Cr1 Fe1 Ni1,POWDER,8.2,FCC,FCC,,
C0.111 Co1 Cr1 Fe1 Ni1 W0.111,POWDER,8.5,FCC,FCC,475.0,
C0.429 Co1 Cr1 Fe1 Ni1 W0.429,POWDER,9.1,FCC,FCC,531.0,
Al0.267 Co1 Cr0.667 Fe0.667 Ni0.667 Ti0.2,POWDER,7.3,other,FCC+BCC,515.0,2012.0
Hf1 Nb1 Ta1 Ti1 Zr1,OTHER,9.9,BCC,BCC,,1438.0
Hf1 Nb1 Ta1 Ti1 Zr1,OTHER,9.9,BCC,BCC,,1159.0
Hf1 Nb1 Ta1 Ti1 Zr1,OTHER,9.9,BCC,BCC,,1134.0
Hf1 Nb1 Ta1 Ti1 Zr1,OTHER,9.9,BCC,BCC,,1094.0
Hf1 Nb1 Ta1 Ti1 Zr1,OTHER,9.9,BCC,BCC,,1071.0
Hf1 Nb1 Ta1 Ti1 Zr1,OTHER,9.9,BCC,BCC,,1107.0
Hf1 Nb1 Ta1 Ti1 Zr1,OTHER,9.9,BCC,BCC,,1115.0
Hf1 Nb1 Ta1 Ti1 Zr1,OTHER,9.9,BCC,BCC,,1114.0
Hf1 Nb1 Ta1 Ti1 Zr1,OTHER,9.9,BCC,BCC,,
Hf1 Nb1 Ta1 Ti1 Zr1,OTHER,9.9,BCC,BCC,,
Hf1 Nb1 Ta1 Ti1 Zr1,OTHER,9.9,BCC,BCC,,
Al1 Nb1 Ti1 Zr1,CAST,5.7,other,B2,422.0,1509.0
Al1 Nb1 Ti1 Zr1,ANNEAL,5.7,other,B2+Sec.,418.0,1579.0
Al1 Cr1 Fe1 Mo0.5 Ni1,CAST,6.8,other,BCC+B2,623.7,1914.1
Al1 Cr1 Fe1 Mo0.5 Ni1 Ti0.25,CAST,6.6,other,BCC+B2,712.0,2161.7
Al1 Cr1 Fe1 Mo0.5 Ni1 Ti0.4,CAST,6.5,other,BCC+B2,731.9,2185.1
Al1 Cr1 Fe1 Mo0.5 Ni1 Ti0.5,CAST,6.5,other,BCC+B2,751.7,2228.7
Al1 Cr1 Fe1 Mo0.5 Ni1 Ti0.6,CAST,6.4,other,BCC+B2,756.1,1314.5
Al1 Cr1 Fe1 Mo0.5 Ni1 Ti0.75,CAST,6.4,other,BCC+B2,766.2,618.8
Al1 Cr1 Mo1 Nb1,ANNEAL,7.2,other,Other,,
Al1 Cr1 Mo1 Nb1,CAST,7.2,other,Other,,
Al1 Hf1 Nb1 Ti1,ANNEAL,7.7,other,B2,,
Al1 Hf1 Nb1 Ti1,CAST,7.7,other,B2,,
Al1 Hf1 Ta1 Ti1,ANNEAL,9.7,other,B2,,
Al1 Hf1 Ta1 Ti1,CAST,9.7,other,B2,,
Al1 Mo1 Nb1 Ti1,ANNEAL,6.5,other,BCC+Sec.,,
Al1 Mo1 Nb1 Ti1,CAST,6.5,BCC,BCC,509.0,
Al1 Nb1 Ta1 Ti1,ANNEAL,8.2,other,BCC+Sec.,,
Al1 Nb1 Ta1 Ti1,CAST,8.2,BCC,BCC,458.0,
Cr1 Mo1 Ta1 Ti1,ANNEAL,9.9,BCC,BCC,555.0,
Cr1 Mo1 Ta1 Ti1,CAST,9.9,BCC,BCC,539.0,
Cr1 Nb1 Ta1 Ti1,ANNEAL,9.4,other,BCC+Sec.,,
Cr1 Nb1 Ta1 Ti1,CAST,9.4,BCC,BCC,495.0,
Cr1 Nb1 Ti1 W1,ANNEAL,9.9,other,BCC+Sec.,630.0,
Cr1 Nb1 Ti1 W1,CAST,9.9,BCC,BCC,630.0,
Hf1 Nb1 Ta1 Ti1,ANNEAL,10.9,BCC,BCC,280.0,
Hf1 Nb1 Ta1 Ti1,CAST,10.9,BCC,BCC,270.0,
Mo1 Nb1 Ta1 Ti1 W1,ANNEAL,11.8,BCC,BCC,482.0,
Mo1 Nb1 Ta1 Ti1 W1,CAST,11.8,BCC,BCC,446.0,
Mo1 Nb1 Ta1 Ti1,ANNEAL,10.0,BCC,BCC,407.0,
Mo1 Nb1 Ta1 Ti1,CAST,10.0,BCC,BCC,431.0,
