elem_B,Al,Co,Fe,Ni,Si,Cr,Mn,Nb,Mo,Ti,Cu,C,V,Zr,Nd,Y,Sn,Li,Mg,Zn,Ta,Hf,W,Re,Pd,B,Sc,Ga
Al,0.0,-19.0,-11.0,-22.0,-19.0,-10.0,-19.0,-18.0,-5.0,-30.0,-1.0,-36.0,-16.0,-44.0,-38.0,-38.0,4.0,-4.0,-2.0,1.0,-19.0,-39.0,-2.0,-9.0,-46.0,0.0,-38.0,1.0
Co,-19.0,0.0,-1.0,0.0,-38.0,-4.0,-5.0,-25.0,-5.0,-28.0,6.0,-42.0,-14.0,-41.0,-20.0,-22.0,0.0,8.0,3.0,-5.0,-24.0,-35.0,-1.0,2.0,-1.0,-24.0,-30.0,-11.0
Fe,-11.0,-1.0,0.0,-2.0,-35.0,-1.0,0.0,-16.0,-2.0,-17.0,13.0,-50.0,-7.0,-25.0,1.0,-1.0,11.0,26.0,18.0,4.0,-15.0,-21.0,0.0,0.0,-4.0,-26.0,-11.0,-2.0
Ni,-22.0,0.0,-2.0,0.0,-40.0,-7.0,-8.0,-30.0,-7.0,-35.0,4.0,-39.0,-18.0,-49.0,-30.0,-31.0,-4.0,1.0,-4.0,-9.0,-29.0,-42.0,-3.0,2.0,0.0,-24.0,-39.0,-15.0
Si,-19.0,-38.0,-35.0,-40.0,0.0,-37.0,-45.0,-56.0,-35.0,-66.0,-19.0,-39.0,-48.0,-84.0,-73.0,-73.0,-11.0,-30.0,-26.0,-18.0,-56.0,-77.0,-31.0,-31.0,-55.0,-14.0,-74.0,-17.0
Cr,-10.0,-4.0,-1.0,-7.0,-37.0,0.0,2.0,-7.0,0.0,-7.0,12.0,-61.0,-2.0,-12.0,13.0,11.0,10.0,35.0,24.0,5.0,-7.0,-9.0,1.0,-4.0,-15.0,-31.0,1.0,-1.0
Mn,-19.0,-5.0,0.0,-8.0,-45.0,2.0,0.0,-4.0,5.0,-8.0,4.0,-66.0,-1.0,-15.0,0.0,-1.0,-7.0,19.0,10.0,-6.0,-4.0,-12.0,6.0,-1.0,-23.0,-32.0,-8.0,-13.0
Nb,-18.0,-25.0,-16.0,-30.0,-56.0,-7.0,-4.0,0.0,-6.0,2.0,3.0,-102.0,-1.0,4.0,32.0,30.0,-1.0,51.0,32.0,-1.0,0.0,4.0,-8.0,-26.0,-53.0,-54.0,18.0,-8.0
Mo,-5.0,-5.0,-2.0,-7.0,-35.0,0.0,5.0,-6.0,0.0,-4.0,19.0,-67.0,0.0,-6.0,26.0,24.0,20.0,49.0,36.0,12.0,-5.0,-4.0,0.0,-7.0,-15.0,-34.0,11.0,7.0
Ti,-30.0,-28.0,-17.0,-35.0,-66.0,-7.0,-8.0,2.0,-4.0,0.0,-9.0,-109.0,-2.0,0.0,17.0,15.0,-21.0,34.0,16.0,-15.0,1.0,0.0,-6.0,-25.0,-65.0,-58.0,8.0,-23.0
Cu,-1.0,6.0,13.0,4.0,-19.0,12.0,4.0,3.0,19.0,-9.0,0.0,-33.0,5.0,-23.0,-22.0,-22.0,7.0,-5.0,-3.0,1.0,2.0,-17.0,22.0,18.0,-14.0,0.0,-24.0,1.0
C,-36.0,-42.0,-50.0,-39.0,-39.0,-61.0,-66.0,-102.0,-67.0,-109.0,-33.0,0.0,-82.0,-131.0,-116.0,-117.0,-23.0,-61.0,-55.0,-32.0,-101.0,-123.0,-60.0,-42.0,-32.0,-10.0,-118.0,-33.0
V,-16.0,-14.0,-7.0,-18.0,-48.0,-2.0,-1.0,-1.0,0.0,-2.0,5.0,-82.0,0.0,-4.0,18.0,17.0,-1.0,37.0,23.0,-2.0,-1.0,-2.0,-1.0,-13.0,-35.0,-42.0,7.0,-8.0
Zr,-44.0,-41.0,-25.0,-49.0,-84.0,-12.0,-15.0,4.0,-6.0,0.0,-23.0,-131.0,-4.0,0.0,10.0,9.0,-43.0,27.0,6.0,-29.0,3.0,0.0,-9.0,-35.0,-91.0,-71.0,4.0,-40.0
Nd,-38.0,-20.0,1.0,-30.0,-73.0,13.0,0.0,32.0,26.0,17.0,-22.0,-116.0,18.0,10.0,0.0,0.0,-51.0,7.0,-6.0,-31.0,29.0,13.0,26.0,-2.0,-83.0,-49.0,2.0,-40.0
Y,-38.0,-22.0,-1.0,-31.0,-73.0,11.0,-1.0,30.0,24.0,15.0,-22.0,-117.0,17.0,9.0,0.0,0.0,-51.0,8.0,-6.0,-31.0,27.0,11.0,24.0,-4.0,-84.0,-50.0,1.0,-40.0
Sn,4.0,0.0,11.0,-4.0,-11.0,10.0,-7.0,-1.0,20.0,-21.0,7.0,-23.0,-1.0,-43.0,-51.0,-51.0,0.0,-18.0,-9.0,1.0,-3.0,-35.0,27.0,20.0,-34.0,18.0,-45.0,1.0
Li,-4.0,8.0,26.0,1.0,-30.0,35.0,19.0,51.0,49.0,34.0,-5.0,-61.0,37.0,27.0,7.0,8.0,-18.0,0.0,0.0,-7.0,48.0,30.0,50.0,29.0,-40.0,-6.0,12.0,-9.0
Mg,-2.0,3.0,18.0,-4.0,-26.0,24.0,10.0,32.0,36.0,16.0,-3.0,-55.0,23.0,6.0,-6.0,-6.0,-9.0,0.0,0.0,-4.0,30.0,10.0,38.0,21.0,-40.0,-4.0,-3.0,-4.0
Zn,1.0,-5.0,4.0,-9.0,-18.0,5.0,-6.0,-1.0,12.0,-15.0,1.0,-32.0,-2.0,-29.0,-31.0,-31.0,1.0,-7.0,-4.0,0.0,-3.0,-24.0,15.0,8.0,-33.0,4.0,-29.0,0.0
Ta,-19.0,-24.0,-15.0,-29.0,-56.0,-7.0,-4.0,0.0,-5.0,1.0,2.0,-101.0,-1.0,3.0,29.0,27.0,-3.0,48.0,30.0,-3.0,0.0,3.0,-7.0,-24.0,-52.0,-54.0,16.0,-10.0
Hf,-39.0,-35.0,-21.0,-42.0,-77.0,-9.0,-12.0,4.0,-4.0,0.0,-17.0,-123.0,-2.0,0.0,13.0,11.0,-35.0,30.0,10.0,-24.0,3.0,0.0,-6.0,-30.0,-80.0,-66.0,5.0,-34.0
W,-2.0,-1.0,0.0,-3.0,-31.0,1.0,6.0,-8.0,0.0,-6.0,22.0,-60.0,-1.0,-9.0,26.0,24.0,27.0,50.0,38.0,15.0,-7.0,-6.0,0.0,-4.0,-6.0,-31.0,9.0,11.0
Re,-9.0,2.0,0.0,2.0,-31.0,-4.0,-1.0,-26.0,-7.0,-25.0,18.0,-42.0,-13.0,-35.0,-2.0,-4.0,20.0,29.0,21.0,8.0,-24.0,-30.0,-4.0,0.0,6.0,-25.0,-17.0,3.0
Pd,-46.0,-1.0,-4.0,0.0,-55.0,-15.0,-23.0,-53.0,-15.0,-65.0,-14.0,-32.0,-35.0,-91.0,-83.0,-84.0,-34.0,-40.0,-40.0,-33.0,-52.0,-80.0,-6.0,6.0,0.0,-24.0,-86.0,-42.0
B,0.0,-24.0,-26.0,-24.0,-14.0,-31.0,-32.0,-54.0,-34.0,-58.0,0.0,-10.0,-42.0,-71.0,-49.0,-50.0,18.0,-6.0,-4.0,4.0,-54.0,-66.0,-31.0,-25.0,-24.0,0.0,-55.0,6.0
Sc,-38.0,-30.0,-11.0,-39.0,-74.0,1.0,-8.0,18.0,11.0,8.0,-24.0,-118.0,7.0,4.0,2.0,1.0,-45.0,12.0,-3.0,-29.0,16.0,5.0,9.0,-17.0,-86.0,-55.0,0.0,-38.0
Ga,1.0,-11.0,-2.0,-15.0,-17.0,-1.0,-13.0,-8.0,7.0,-23.0,1.0,-33.0,-8.0,-40.0,-40.0,-40.0,1.0,-9.0,-4.0,0.0,-10.0,-34.0,11.0,3.0,-42.0,6.0,-38.0,0.0
