,bcc/fcc/other
0,FCC
1,other
2,other
3,BCC
4,FCC
5,FCC
6,FCC
7,other
8,other
9,FCC
10,FCC
11,FCC
12,FCC
13,FCC
14,FCC
15,FCC
16,other
17,other
18,other
19,other
20,other
21,FCC
22,FCC
23,FCC
24,FCC
25,FCC
26,other
27,other
28,other
29,other
30,BCC
31,other
32,BCC
33,BCC
34,BCC
35,BCC
36,BCC
37,BCC
38,BCC
39,other
40,FCC
41,FCC
42,other
43,other
44,other
45,other
46,other
47,other
48,other
49,other
50,other
51,FCC
52,other
53,FCC
54,other
55,other
56,other
57,BCC
58,BCC
59,BCC
60,BCC
61,BCC
62,other
63,FCC
64,other
65,FCC
66,BCC
67,other
68,other
69,other
70,other
71,other
72,other
73,other
74,BCC
75,BCC
76,other
77,other
78,other
79,other
80,BCC
81,BCC
82,other
83,other
84,other
85,BCC
86,other
87,other
88,other
89,other
90,other
91,other
92,other
93,other
94,other
95,other
96,other
97,other
98,other
99,other
100,BCC
101,other
102,BCC
103,BCC
104,BCC
105,other
106,FCC
107,FCC
108,other
109,other
110,FCC
111,other
112,other
113,other
114,BCC
115,BCC
116,other
117,FCC
118,FCC
119,FCC
120,other
121,other
122,other
123,other
124,other
125,other
126,other
127,other
128,other
129,BCC
130,FCC
131,FCC
132,FCC
133,FCC
134,other
135,FCC
136,FCC
137,other
138,other
139,other
140,other
141,other
142,BCC
143,other
144,other
145,other
146,other
147,other
148,FCC
149,FCC
150,FCC
151,other
152,FCC
153,other
154,FCC
155,FCC
156,other
157,other
158,other
159,other
160,other
161,other
162,other
163,FCC
164,FCC
165,other
166,other
167,other
168,other
169,BCC
170,BCC
171,BCC
172,BCC
173,BCC
174,other
175,other
176,other
177,other
178,other
179,other
180,other
181,other
182,other
183,other
184,other
185,other
186,other
187,FCC
188,FCC
189,other
190,other
191,other
192,other
193,other
194,other
195,FCC
196,FCC
197,other
198,other
199,other
200,other
201,other
202,other
203,other
204,other
205,other
206,other
207,FCC
208,FCC
209,FCC
210,FCC
211,other
212,other
213,other
214,other
215,other
216,other
217,BCC
218,BCC
219,BCC
220,BCC
221,BCC
222,BCC
223,BCC
224,BCC
225,BCC
226,BCC
227,BCC
228,BCC
229,other
230,other
231,other
232,other
233,BCC
234,BCC
235,BCC
236,BCC
237,BCC
238,BCC
239,other
240,BCC
241,BCC
242,BCC
243,BCC
244,BCC
245,BCC
246,BCC
247,BCC
248,BCC
249,BCC
250,BCC
251,BCC
252,BCC
253,BCC
254,other
255,other
256,other
257,other
258,other
259,other
260,other
261,other
262,other
263,other
264,other
265,other
266,BCC
267,BCC
268,BCC
269,BCC
270,BCC
271,BCC
272,BCC
273,BCC
274,BCC
275,other
276,other
277,BCC
278,BCC
279,BCC
280,BCC
281,BCC
282,BCC
283,BCC
284,BCC
285,BCC
286,BCC
287,BCC
288,BCC
289,BCC
290,BCC
291,BCC
292,BCC
293,BCC
294,BCC
295,other
296,other
297,other
298,BCC
299,BCC
300,BCC
301,BCC
302,BCC
303,BCC
304,BCC
305,BCC
306,BCC
307,BCC
308,BCC
309,BCC
310,BCC
311,BCC
312,BCC
313,BCC
314,BCC
315,BCC
316,BCC
317,BCC
318,BCC
319,BCC
320,BCC
321,BCC
322,BCC
323,BCC
324,BCC
325,BCC
326,BCC
327,BCC
328,BCC
329,BCC
330,BCC
331,BCC
332,BCC
333,BCC
334,BCC
335,BCC
336,BCC
337,BCC
338,BCC
339,BCC
340,BCC
341,BCC
342,BCC
343,BCC
344,BCC
345,BCC
346,other
347,other
348,other
349,other
350,other
351,other
352,other
353,other
354,other
355,other
356,FCC
357,other
358,BCC
359,other
360,other
361,FCC
362,FCC
363,other
364,other
365,FCC
366,other
367,FCC
368,FCC
369,FCC
370,FCC
371,FCC
372,FCC
373,FCC
374,BCC
375,BCC
376,BCC
377,BCC
378,BCC
379,BCC
380,BCC
381,BCC
382,other
383,other
384,other
385,other
386,other
387,other
388,BCC
389,BCC
390,BCC
391,BCC
392,BCC
393,BCC
394,BCC
395,BCC
396,BCC
397,BCC
398,BCC
399,BCC
400,BCC
401,BCC
402,BCC
403,BCC
404,BCC
405,BCC
406,BCC
407,other
408,other
409,other
410,other
411,other
412,other
413,other
414,other
415,other
416,other
417,other
418,other
419,other
420,other
421,other
422,other
423,other
424,other
425,other
426,other
427,other
428,BCC
429,other
430,other
431,other
432,other
433,other
434,other
435,other
436,BCC
437,BCC
438,BCC
439,other
440,other
441,other
442,other
443,other
444,other
445,other
446,BCC
447,BCC
448,BCC
449,BCC
450,BCC
451,other
452,other
453,other
454,other
455,other
456,other
457,BCC
458,BCC
459,BCC
460,BCC
461,BCC
462,BCC
463,BCC
464,BCC
465,BCC
466,BCC
467,BCC
468,BCC
469,BCC
470,BCC
471,BCC
472,BCC
473,BCC
474,BCC
475,BCC
476,BCC
477,BCC
478,other
479,other
480,other
481,other
482,other
483,other
484,other
485,other
486,other
487,BCC
488,BCC
489,BCC
490,BCC
491,other
492,other
493,other
494,other
495,other
496,other
497,other
498,other
499,other
500,other
501,other
502,other
503,other
504,other
505,other
506,other
507,BCC
508,other
509,other
510,BCC
511,BCC
512,other
513,BCC
514,BCC
515,BCC
516,BCC
517,BCC
518,BCC
519,BCC
520,BCC
521,BCC
522,BCC
523,BCC
524,BCC
525,BCC
526,BCC
527,BCC
528,other
529,other
530,other
531,other
532,BCC
533,other
534,other
535,other
536,BCC
537,BCC
538,BCC
539,BCC
540,BCC
541,BCC
542,BCC
543,BCC
544,BCC
545,BCC
546,BCC
547,BCC
548,BCC
549,BCC
550,BCC
551,BCC
552,BCC
553,other
554,other
555,other
556,BCC
557,BCC
558,BCC
559,BCC
560,other
561,other
562,other
563,other
564,BCC
565,BCC
566,BCC
567,BCC
568,BCC
569,other
570,other
571,other
572,other
573,other
574,other
575,other
576,other
577,BCC
578,BCC
579,BCC
580,BCC
581,other
582,other
583,other
584,other
585,other
586,other
587,other
588,other
589,other
590,other
591,other
592,other
593,other
594,other
595,other
596,other
597,FCC
598,other
599,other
600,other
601,other
602,other
603,other
604,other
605,FCC
606,other
607,other
608,FCC
609,other
610,other
611,FCC
612,other
613,other
614,other
615,other
616,other
617,FCC
618,FCC
619,other
620,other
621,other
622,other
623,other
624,other
625,other
626,other
627,other
628,other
629,FCC
630,other
631,other
632,other
633,other
634,other
635,FCC
636,FCC
637,other
638,other
639,other
640,other
641,FCC
642,other
643,FCC
644,other
645,FCC
646,FCC
647,other
648,other
649,other
650,other
651,other
652,other
653,other
654,other
655,other
656,other
657,other
658,other
659,other
660,other
661,other
662,other
663,other
664,FCC
665,other
666,other
667,other
668,other
669,FCC
670,FCC
671,other
672,other
673,other
674,FCC
675,other
676,other
677,other
678,other
679,other
680,FCC
681,other
682,other
683,other
684,other
685,other
686,other
687,other
688,FCC
689,other
690,FCC
691,FCC
692,FCC
693,FCC
694,FCC
695,FCC
696,FCC
697,FCC
698,other
699,other
700,other
701,other
702,FCC
703,FCC
704,FCC
705,FCC
706,other
707,other
708,other
709,FCC
710,FCC
711,FCC
712,BCC
713,BCC
714,BCC
715,FCC
716,FCC
717,other
718,other
719,other
720,other
721,other
722,other
723,FCC
724,FCC
725,FCC
726,FCC
727,FCC
728,FCC
729,FCC
730,FCC
731,other
732,other
733,other
734,FCC
735,FCC
736,other
737,other
738,other
739,other
740,other
741,other
742,other
743,other
744,other
745,FCC
746,FCC
747,FCC
748,FCC
749,FCC
750,FCC
751,FCC
752,FCC
753,FCC
754,FCC
755,FCC
756,other
757,other
758,other
759,other
760,other
761,other
762,other
763,other
764,other
765,other
766,other
767,FCC
768,other
769,other
770,other
771,other
772,FCC
773,other
774,BCC
775,FCC
776,FCC
777,FCC
778,other
779,other
780,BCC
781,BCC
782,other
783,other
784,other
785,FCC
786,BCC
787,BCC
788,BCC
789,BCC
790,BCC
791,BCC
792,BCC
793,BCC
794,BCC
795,BCC
796,BCC
797,BCC
798,BCC
799,BCC
800,BCC
801,other
802,other
803,other
804,other
805,other
806,other
807,other
808,other
809,other
810,other
811,other
812,BCC
813,BCC
814,BCC
815,BCC
816,BCC
817,BCC
818,BCC
819,BCC
820,BCC
821,BCC
822,BCC
823,BCC
824,BCC
825,BCC
826,BCC
827,other
828,other
829,other
830,other
831,other
832,other
833,other
834,other
835,other
836,other
837,other
838,BCC
839,BCC
840,BCC
841,BCC
842,BCC
843,BCC
844,BCC
845,BCC
846,BCC
847,BCC
848,BCC
849,BCC
850,BCC
851,BCC
852,BCC
853,other
854,other
855,other
856,other
857,other
858,other
859,other
860,other
861,other
862,other
863,other
864,FCC
865,BCC
866,BCC
867,BCC
868,FCC
869,FCC
870,FCC
871,FCC
872,other
873,BCC
874,FCC
875,FCC
876,FCC
877,FCC
878,FCC
879,FCC
880,FCC
881,FCC
882,FCC
883,FCC
884,FCC
885,FCC
886,FCC
887,FCC
888,FCC
889,FCC
890,FCC
891,FCC
892,FCC
893,FCC
894,FCC
895,FCC
896,FCC
897,FCC
898,FCC
899,other
900,other
901,other
902,other
903,other
904,other
905,other
906,other
907,other
908,other
909,other
910,FCC
911,FCC
912,FCC
913,FCC
914,FCC
915,FCC
916,FCC
917,FCC
918,FCC
919,FCC
920,FCC
921,FCC
922,FCC
923,FCC
924,FCC
925,FCC
926,FCC
927,other
928,other
929,other
930,other
931,other
932,other
933,other
934,other
935,other
936,other
937,FCC
938,FCC
939,FCC
940,other
941,other
942,other
943,other
944,other
945,other
946,other
947,other
948,other
949,BCC
950,other
951,other
952,other
953,other
954,FCC
955,FCC
956,FCC
957,FCC
958,FCC
959,FCC
960,FCC
961,FCC
962,FCC
963,FCC
964,FCC
965,FCC
966,FCC
967,FCC
968,FCC
969,other
970,other
971,other
972,other
973,other
974,other
975,other
976,other
977,other
978,other
979,other
980,other
981,other
982,other
983,other
984,other
985,other
986,other
987,other
988,other
989,BCC
990,BCC
991,BCC
992,BCC
993,BCC
994,BCC
995,BCC
996,BCC
997,FCC
998,FCC
999,other
1000,other
1001,other
1002,other
1003,FCC
1004,other
1005,other
1006,other
1007,BCC
1008,BCC
1009,BCC
1010,BCC
1011,BCC
1012,BCC
1013,BCC
1014,BCC
1015,BCC
1016,BCC
1017,BCC
1018,BCC
1019,BCC
1020,BCC
1021,BCC
1022,BCC
1023,BCC
1024,BCC
1025,BCC
1026,BCC
1027,BCC
1028,BCC
1029,BCC
1030,BCC
1031,BCC
1032,BCC
1033,BCC
1034,BCC
1035,BCC
1036,BCC
1037,BCC
1038,BCC
1039,BCC
1040,BCC
1041,BCC
1042,BCC
1043,BCC
1044,BCC
1045,BCC
1046,BCC
1047,BCC
1048,BCC
1049,FCC
1050,FCC
1051,FCC
1052,FCC
1053,FCC
1054,FCC
1055,BCC
1056,BCC
1057,BCC
1058,BCC
1059,BCC
1060,BCC
1061,BCC
1062,BCC
1063,BCC
1064,BCC
1065,BCC
1066,BCC
1067,BCC
1068,BCC
1069,BCC
1070,BCC
1071,BCC
1072,BCC
1073,BCC
1074,BCC
1075,BCC
1076,BCC
1077,BCC
1078,BCC
1079,BCC
1080,BCC
1081,BCC
1082,BCC
1083,BCC
1084,BCC
1085,BCC
1086,BCC
1087,BCC
1088,BCC
1089,BCC
1090,BCC
1091,BCC
1092,other
1093,other
1094,other
1095,other
1096,other
1097,other
1098,other
1099,other
1100,BCC
1101,BCC
1102,BCC
1103,BCC
1104,BCC
1105,BCC
1106,BCC
1107,BCC
1108,BCC
1109,BCC
1110,BCC
1111,other
1112,other
1113,other
1114,other
1115,other
1116,other
1117,other
1118,other
1119,other
1120,other
1121,other
1122,other
1123,other
1124,other
1125,other
1126,other
1127,other
1128,other
1129,other
1130,other
1131,other
1132,other
1133,other
1134,other
1135,other
1136,other
1137,other
1138,other
1139,other
1140,other
1141,FCC
1142,FCC
1143,FCC
1144,FCC
1145,FCC
1146,FCC
1147,FCC
1148,other
1149,other
1150,BCC
1151,other
1152,other
1153,other
1154,other
1155,BCC
1156,other
1157,other
1158,other
1159,BCC
1160,other
1161,other
1162,other
1163,BCC
1164,other
1165,other
1166,other
1167,BCC
1168,other
1169,other
1170,other
1171,BCC
1172,other
1173,other
1174,other
1175,other
1176,FCC
1177,FCC
1178,FCC
1179,FCC
1180,FCC
1181,FCC
1182,FCC
1183,FCC
1184,FCC
1185,FCC
1186,FCC
1187,other
1188,other
1189,other
1190,other
1191,FCC
1192,FCC
1193,FCC
1194,FCC
1195,FCC
1196,FCC
1197,FCC
1198,FCC
1199,FCC
1200,FCC
1201,other
1202,other
1203,other
1204,other
1205,other
1206,FCC
1207,other
1208,other
1209,other
1210,other
1211,FCC
1212,FCC
1213,FCC
1214,FCC
1215,FCC
1216,FCC
1217,FCC
1218,other
1219,FCC
1220,FCC
1221,FCC
1222,FCC
1223,FCC
1224,FCC
1225,FCC
1226,FCC
1227,FCC
1228,FCC
1229,FCC
1230,FCC
1231,other
1232,other
1233,other
1234,other
1235,other
1236,other
1237,BCC
1238,BCC
1239,BCC
1240,other
1241,other
1242,other
1243,other
1244,other
1245,other
1246,other
1247,other
1248,other
1249,other
1250,other
1251,other
1252,other
1253,other
1254,other
1255,other
1256,other
1257,other
1258,other
1259,other
1260,other
1261,other
1262,other
1263,FCC
1264,other
1265,other
1266,other
1267,other
1268,other
1269,other
1270,other
1271,other
1272,BCC
1273,BCC
1274,BCC
1275,other
1276,BCC
1277,other
1278,other
1279,other
1280,other
1281,other
1282,other
1283,other
1284,other
1285,FCC
1286,FCC
1287,BCC
1288,BCC
1289,BCC
1290,BCC
1291,BCC
1292,BCC
1293,BCC
1294,BCC
1295,BCC
1296,BCC
1297,BCC
1298,BCC
1299,BCC
1300,BCC
1301,BCC
1302,BCC
1303,BCC
1304,BCC
1305,BCC
1306,BCC
1307,BCC
1308,BCC
1309,FCC
1310,FCC
1311,FCC
1312,other
1313,BCC
1314,BCC
1315,BCC
1316,BCC
1317,BCC
1318,BCC
1319,BCC
1320,BCC
1321,BCC
1322,BCC
1323,BCC
1324,other
1325,other
1326,other
1327,other
1328,other
1329,other
1330,other
1331,other
1332,other
1333,other
1334,other
1335,other
1336,other
1337,other
1338,other
1339,BCC
1340,other
1341,BCC
1342,BCC
1343,BCC
1344,other
1345,BCC
1346,other
1347,BCC
1348,BCC
1349,BCC
1350,BCC
1351,BCC
1352,BCC
1353,BCC
